{
  "geral": {
    "NM_MUN_demanda": "ALVAR\u00c3ES",
    "15-19 ANOS": 1802,
    "20-24 ANOS": 1606,
    "25-29 ANOS": 1310,
    "15-19 ANOS, RA\u00c7A BRANCA": 112,
    "20-24 ANOS, RA\u00c7A BRANCA": 89,
    "25-29 ANOS, RA\u00c7A BRANCA": 67,
    "15-19 ANOS, RA\u00c7A PRETA": 35,
    "20-24 ANOS, RA\u00c7A PRETA": 43,
    "25-29 ANOS, RA\u00c7A PRETA": 22,
    "15-19 ANOS, RA\u00c7A PARDA": 1264,
    "20-24 ANOS, RA\u00c7A PARDA": 1143,
    "25-29 ANOS, RA\u00c7A PARDA": 939,
    "15-19 ANOS, RA\u00c7A IND\u00cdGENA": 349,
    "20-24 ANOS, RA\u00c7A IND\u00cdGENA": 295,
    "25-29 ANOS, RA\u00c7A IND\u00cdGENA": 222,
    "15-19 ANOS, RA\u00c7A AMARELA": 0,
    "20-24 ANOS, RA\u00c7A AMARELA": 0,
    "25-29 ANOS, RA\u00c7A AMARELA": 0,
    "15 A 19 ANOS, ALFABETIZADAS": 1742,
    "20 A 24 ANOS, ALFABETIZADAS": 1567,
    "25 A 29 ANOS, ALFABETIZADAS": 1259,
    "total_jovens": 4718,
    "total_jovens_alfabetizados": 4568,
    "taxa_alfabetizacao_jovens": 96.82068673166596,
    "total_jovens_branca": 268,
    "total_jovens_preta": 100,
    "total_jovens_parda": 3346,
    "total_jovens_indigena": 866,
    "total_jovens_amarela": 0,
    "N_PESSOAS": 15866,
    "renda_media_final": 1204.3583827051557,
    "vul_score_final": 0.5092476460051684
  },
  "15-19": {
    "NM_MUN_demanda": "ALVAR\u00c3ES",
    "15-19 ANOS": 1802,
    "15-19 ANOS, RA\u00c7A BRANCA": 112,
    "15-19 ANOS, RA\u00c7A PRETA": 35,
    "15-19 ANOS, RA\u00c7A PARDA": 1264,
    "15-19 ANOS, RA\u00c7A IND\u00cdGENA": 349,
    "15-19 ANOS, RA\u00c7A AMARELA": 0,
    "15 A 19 ANOS, ALFABETIZADAS": 1742,
    "total_jovens": 1802,
    "total_jovens_alfabetizados": 1742,
    "taxa_alfabetizacao_jovens": 96.67036625971143,
    "total_jovens_branca": 112,
    "total_jovens_preta": 35,
    "total_jovens_parda": 1264,
    "total_jovens_indigena": 349,
    "total_jovens_amarela": 0,
    "N_PESSOAS": 15866,
    "renda_media_final": 1204.3583827051557,
    "vul_score_final": 0.5092476460051684
  },
  "20-24": {
    "NM_MUN_demanda": "ALVAR\u00c3ES",
    "20-24 ANOS": 1606,
    "20-24 ANOS, RA\u00c7A BRANCA": 89,
    "20-24 ANOS, RA\u00c7A PRETA": 43,
    "20-24 ANOS, RA\u00c7A PARDA": 1143,
    "20-24 ANOS, RA\u00c7A IND\u00cdGENA": 295,
    "20-24 ANOS, RA\u00c7A AMARELA": 0,
    "20 A 24 ANOS, ALFABETIZADAS": 1567,
    "total_jovens": 1606,
    "total_jovens_alfabetizados": 1567,
    "taxa_alfabetizacao_jovens": 97.57160647571607,
    "total_jovens_branca": 89,
    "total_jovens_preta": 43,
    "total_jovens_parda": 1143,
    "total_jovens_indigena": 295,
    "total_jovens_amarela": 0,
    "N_PESSOAS": 15866,
    "renda_media_final": 1204.3583827051557,
    "vul_score_final": 0.5092476460051684
  },
  "25-29": {
    "NM_MUN_demanda": "ALVAR\u00c3ES",
    "25-29 ANOS": 1310,
    "25-29 ANOS, RA\u00c7A BRANCA": 67,
    "25-29 ANOS, RA\u00c7A PRETA": 22,
    "25-29 ANOS, RA\u00c7A PARDA": 939,
    "25-29 ANOS, RA\u00c7A IND\u00cdGENA": 222,
    "25-29 ANOS, RA\u00c7A AMARELA": 0,
    "25 A 29 ANOS, ALFABETIZADAS": 1259,
    "total_jovens": 1310,
    "total_jovens_alfabetizados": 1259,
    "taxa_alfabetizacao_jovens": 96.10687022900764,
    "total_jovens_branca": 67,
    "total_jovens_preta": 22,
    "total_jovens_parda": 939,
    "total_jovens_indigena": 222,
    "total_jovens_amarela": 0,
    "N_PESSOAS": 15866,
    "renda_media_final": 1204.3583827051557,
    "vul_score_final": 0.5092476460051684
  }
}