{
  "geral": {
    "NM_MUN_demanda": "AMATUR\u00c1",
    "15-19 ANOS": 1061,
    "20-24 ANOS": 984,
    "25-29 ANOS": 852,
    "15-19 ANOS, RA\u00c7A BRANCA": 26,
    "20-24 ANOS, RA\u00c7A BRANCA": 27,
    "25-29 ANOS, RA\u00c7A BRANCA": 14,
    "15-19 ANOS, RA\u00c7A PRETA": 29,
    "20-24 ANOS, RA\u00c7A PRETA": 11,
    "25-29 ANOS, RA\u00c7A PRETA": 18,
    "15-19 ANOS, RA\u00c7A PARDA": 413,
    "20-24 ANOS, RA\u00c7A PARDA": 371,
    "25-29 ANOS, RA\u00c7A PARDA": 319,
    "15-19 ANOS, RA\u00c7A IND\u00cdGENA": 580,
    "20-24 ANOS, RA\u00c7A IND\u00cdGENA": 549,
    "25-29 ANOS, RA\u00c7A IND\u00cdGENA": 472,
    "15-19 ANOS, RA\u00c7A AMARELA": 0,
    "20-24 ANOS, RA\u00c7A AMARELA": 0,
    "25-29 ANOS, RA\u00c7A AMARELA": 0,
    "15 A 19 ANOS, ALFABETIZADAS": 1030,
    "20 A 24 ANOS, ALFABETIZADAS": 941,
    "25 A 29 ANOS, ALFABETIZADAS": 794,
    "total_jovens": 2897,
    "total_jovens_alfabetizados": 2765,
    "taxa_alfabetizacao_jovens": 95.44356230583362,
    "total_jovens_branca": 67,
    "total_jovens_preta": 58,
    "total_jovens_parda": 1103,
    "total_jovens_indigena": 1601,
    "total_jovens_amarela": 0,
    "N_PESSOAS": 10819,
    "renda_media_final": 1385.8361271836584,
    "vul_score_final": 0.6186462960224063
  },
  "15-19": {
    "NM_MUN_demanda": "AMATUR\u00c1",
    "15-19 ANOS": 1061,
    "15-19 ANOS, RA\u00c7A BRANCA": 26,
    "15-19 ANOS, RA\u00c7A PRETA": 29,
    "15-19 ANOS, RA\u00c7A PARDA": 413,
    "15-19 ANOS, RA\u00c7A IND\u00cdGENA": 580,
    "15-19 ANOS, RA\u00c7A AMARELA": 0,
    "15 A 19 ANOS, ALFABETIZADAS": 1030,
    "total_jovens": 1061,
    "total_jovens_alfabetizados": 1030,
    "taxa_alfabetizacao_jovens": 97.07822808671065,
    "total_jovens_branca": 26,
    "total_jovens_preta": 29,
    "total_jovens_parda": 413,
    "total_jovens_indigena": 580,
    "total_jovens_amarela": 0,
    "N_PESSOAS": 10819,
    "renda_media_final": 1385.8361271836584,
    "vul_score_final": 0.6186462960224063
  },
  "20-24": {
    "NM_MUN_demanda": "AMATUR\u00c1",
    "20-24 ANOS": 984,
    "20-24 ANOS, RA\u00c7A BRANCA": 27,
    "20-24 ANOS, RA\u00c7A PRETA": 11,
    "20-24 ANOS, RA\u00c7A PARDA": 371,
    "20-24 ANOS, RA\u00c7A IND\u00cdGENA": 549,
    "20-24 ANOS, RA\u00c7A AMARELA": 0,
    "20 A 24 ANOS, ALFABETIZADAS": 941,
    "total_jovens": 984,
    "total_jovens_alfabetizados": 941,
    "taxa_alfabetizacao_jovens": 95.630081300813,
    "total_jovens_branca": 27,
    "total_jovens_preta": 11,
    "total_jovens_parda": 371,
    "total_jovens_indigena": 549,
    "total_jovens_amarela": 0,
    "N_PESSOAS": 10819,
    "renda_media_final": 1385.8361271836584,
    "vul_score_final": 0.6186462960224063
  },
  "25-29": {
    "NM_MUN_demanda": "AMATUR\u00c1",
    "25-29 ANOS": 852,
    "25-29 ANOS, RA\u00c7A BRANCA": 14,
    "25-29 ANOS, RA\u00c7A PRETA": 18,
    "25-29 ANOS, RA\u00c7A PARDA": 319,
    "25-29 ANOS, RA\u00c7A IND\u00cdGENA": 472,
    "25-29 ANOS, RA\u00c7A AMARELA": 0,
    "25 A 29 ANOS, ALFABETIZADAS": 794,
    "total_jovens": 852,
    "total_jovens_alfabetizados": 794,
    "taxa_alfabetizacao_jovens": 93.1924882629108,
    "total_jovens_branca": 14,
    "total_jovens_preta": 18,
    "total_jovens_parda": 319,
    "total_jovens_indigena": 472,
    "total_jovens_amarela": 0,
    "N_PESSOAS": 10819,
    "renda_media_final": 1385.8361271836584,
    "vul_score_final": 0.6186462960224063
  }
}