{
  "geral": {
    "NM_MUN_demanda": "ANAM\u00c3",
    "15-19 ANOS": 1145,
    "20-24 ANOS": 958,
    "25-29 ANOS": 833,
    "15-19 ANOS, RA\u00c7A BRANCA": 158,
    "20-24 ANOS, RA\u00c7A BRANCA": 122,
    "25-29 ANOS, RA\u00c7A BRANCA": 62,
    "15-19 ANOS, RA\u00c7A PRETA": 11,
    "20-24 ANOS, RA\u00c7A PRETA": 14,
    "25-29 ANOS, RA\u00c7A PRETA": 17,
    "15-19 ANOS, RA\u00c7A PARDA": 867,
    "20-24 ANOS, RA\u00c7A PARDA": 742,
    "25-29 ANOS, RA\u00c7A PARDA": 692,
    "15-19 ANOS, RA\u00c7A IND\u00cdGENA": 82,
    "20-24 ANOS, RA\u00c7A IND\u00cdGENA": 46,
    "25-29 ANOS, RA\u00c7A IND\u00cdGENA": 26,
    "15-19 ANOS, RA\u00c7A AMARELA": 0,
    "20-24 ANOS, RA\u00c7A AMARELA": 0,
    "25-29 ANOS, RA\u00c7A AMARELA": 0,
    "15 A 19 ANOS, ALFABETIZADAS": 1117,
    "20 A 24 ANOS, ALFABETIZADAS": 937,
    "25 A 29 ANOS, ALFABETIZADAS": 820,
    "total_jovens": 2936,
    "total_jovens_alfabetizados": 2874,
    "taxa_alfabetizacao_jovens": 97.88828337874659,
    "total_jovens_branca": 342,
    "total_jovens_preta": 42,
    "total_jovens_parda": 2301,
    "total_jovens_indigena": 154,
    "total_jovens_amarela": 0,
    "N_PESSOAS": 9962,
    "renda_media_final": 1164.891190523991,
    "vul_score_final": 0.5080736043968469
  },
  "15-19": {
    "NM_MUN_demanda": "ANAM\u00c3",
    "15-19 ANOS": 1145,
    "15-19 ANOS, RA\u00c7A BRANCA": 158,
    "15-19 ANOS, RA\u00c7A PRETA": 11,
    "15-19 ANOS, RA\u00c7A PARDA": 867,
    "15-19 ANOS, RA\u00c7A IND\u00cdGENA": 82,
    "15-19 ANOS, RA\u00c7A AMARELA": 0,
    "15 A 19 ANOS, ALFABETIZADAS": 1117,
    "total_jovens": 1145,
    "total_jovens_alfabetizados": 1117,
    "taxa_alfabetizacao_jovens": 97.55458515283843,
    "total_jovens_branca": 158,
    "total_jovens_preta": 11,
    "total_jovens_parda": 867,
    "total_jovens_indigena": 82,
    "total_jovens_amarela": 0,
    "N_PESSOAS": 9962,
    "renda_media_final": 1164.891190523991,
    "vul_score_final": 0.5080736043968469
  },
  "20-24": {
    "NM_MUN_demanda": "ANAM\u00c3",
    "20-24 ANOS": 958,
    "20-24 ANOS, RA\u00c7A BRANCA": 122,
    "20-24 ANOS, RA\u00c7A PRETA": 14,
    "20-24 ANOS, RA\u00c7A PARDA": 742,
    "20-24 ANOS, RA\u00c7A IND\u00cdGENA": 46,
    "20-24 ANOS, RA\u00c7A AMARELA": 0,
    "20 A 24 ANOS, ALFABETIZADAS": 937,
    "total_jovens": 958,
    "total_jovens_alfabetizados": 937,
    "taxa_alfabetizacao_jovens": 97.80793319415449,
    "total_jovens_branca": 122,
    "total_jovens_preta": 14,
    "total_jovens_parda": 742,
    "total_jovens_indigena": 46,
    "total_jovens_amarela": 0,
    "N_PESSOAS": 9962,
    "renda_media_final": 1164.891190523991,
    "vul_score_final": 0.5080736043968469
  },
  "25-29": {
    "NM_MUN_demanda": "ANAM\u00c3",
    "25-29 ANOS": 833,
    "25-29 ANOS, RA\u00c7A BRANCA": 62,
    "25-29 ANOS, RA\u00c7A PRETA": 17,
    "25-29 ANOS, RA\u00c7A PARDA": 692,
    "25-29 ANOS, RA\u00c7A IND\u00cdGENA": 26,
    "25-29 ANOS, RA\u00c7A AMARELA": 0,
    "25 A 29 ANOS, ALFABETIZADAS": 820,
    "total_jovens": 833,
    "total_jovens_alfabetizados": 820,
    "taxa_alfabetizacao_jovens": 98.43937575030012,
    "total_jovens_branca": 62,
    "total_jovens_preta": 17,
    "total_jovens_parda": 692,
    "total_jovens_indigena": 26,
    "total_jovens_amarela": 0,
    "N_PESSOAS": 9962,
    "renda_media_final": 1164.891190523991,
    "vul_score_final": 0.5080736043968469
  }
}