{
  "geral": {
    "NM_MUN_demanda": "ANORI",
    "15-19 ANOS": 1759,
    "20-24 ANOS": 1632,
    "25-29 ANOS": 1303,
    "15-19 ANOS, RA\u00c7A BRANCA": 222,
    "20-24 ANOS, RA\u00c7A BRANCA": 189,
    "25-29 ANOS, RA\u00c7A BRANCA": 124,
    "15-19 ANOS, RA\u00c7A PRETA": 115,
    "20-24 ANOS, RA\u00c7A PRETA": 90,
    "25-29 ANOS, RA\u00c7A PRETA": 64,
    "15-19 ANOS, RA\u00c7A PARDA": 1344,
    "20-24 ANOS, RA\u00c7A PARDA": 1293,
    "25-29 ANOS, RA\u00c7A PARDA": 1069,
    "15-19 ANOS, RA\u00c7A IND\u00cdGENA": 44,
    "20-24 ANOS, RA\u00c7A IND\u00cdGENA": 30,
    "25-29 ANOS, RA\u00c7A IND\u00cdGENA": 16,
    "15-19 ANOS, RA\u00c7A AMARELA": 0,
    "20-24 ANOS, RA\u00c7A AMARELA": 0,
    "25-29 ANOS, RA\u00c7A AMARELA": 0,
    "15 A 19 ANOS, ALFABETIZADAS": 1712,
    "20 A 24 ANOS, ALFABETIZADAS": 1591,
    "25 A 29 ANOS, ALFABETIZADAS": 1253,
    "total_jovens": 4694,
    "total_jovens_alfabetizados": 4556,
    "taxa_alfabetizacao_jovens": 97.06007669365147,
    "total_jovens_branca": 535,
    "total_jovens_preta": 269,
    "total_jovens_parda": 3706,
    "total_jovens_indigena": 90,
    "total_jovens_amarela": 0,
    "N_PESSOAS": 17194,
    "renda_media_final": 1327.91225660114,
    "vul_score_final": 0.5798705885269527
  },
  "15-19": {
    "NM_MUN_demanda": "ANORI",
    "15-19 ANOS": 1759,
    "15-19 ANOS, RA\u00c7A BRANCA": 222,
    "15-19 ANOS, RA\u00c7A PRETA": 115,
    "15-19 ANOS, RA\u00c7A PARDA": 1344,
    "15-19 ANOS, RA\u00c7A IND\u00cdGENA": 44,
    "15-19 ANOS, RA\u00c7A AMARELA": 0,
    "15 A 19 ANOS, ALFABETIZADAS": 1712,
    "total_jovens": 1759,
    "total_jovens_alfabetizados": 1712,
    "taxa_alfabetizacao_jovens": 97.32802728823195,
    "total_jovens_branca": 222,
    "total_jovens_preta": 115,
    "total_jovens_parda": 1344,
    "total_jovens_indigena": 44,
    "total_jovens_amarela": 0,
    "N_PESSOAS": 17194,
    "renda_media_final": 1327.91225660114,
    "vul_score_final": 0.5798705885269527
  },
  "20-24": {
    "NM_MUN_demanda": "ANORI",
    "20-24 ANOS": 1632,
    "20-24 ANOS, RA\u00c7A BRANCA": 189,
    "20-24 ANOS, RA\u00c7A PRETA": 90,
    "20-24 ANOS, RA\u00c7A PARDA": 1293,
    "20-24 ANOS, RA\u00c7A IND\u00cdGENA": 30,
    "20-24 ANOS, RA\u00c7A AMARELA": 0,
    "20 A 24 ANOS, ALFABETIZADAS": 1591,
    "total_jovens": 1632,
    "total_jovens_alfabetizados": 1591,
    "taxa_alfabetizacao_jovens": 97.48774509803921,
    "total_jovens_branca": 189,
    "total_jovens_preta": 90,
    "total_jovens_parda": 1293,
    "total_jovens_indigena": 30,
    "total_jovens_amarela": 0,
    "N_PESSOAS": 17194,
    "renda_media_final": 1327.91225660114,
    "vul_score_final": 0.5798705885269527
  },
  "25-29": {
    "NM_MUN_demanda": "ANORI",
    "25-29 ANOS": 1303,
    "25-29 ANOS, RA\u00c7A BRANCA": 124,
    "25-29 ANOS, RA\u00c7A PRETA": 64,
    "25-29 ANOS, RA\u00c7A PARDA": 1069,
    "25-29 ANOS, RA\u00c7A IND\u00cdGENA": 16,
    "25-29 ANOS, RA\u00c7A AMARELA": 0,
    "25 A 29 ANOS, ALFABETIZADAS": 1253,
    "total_jovens": 1303,
    "total_jovens_alfabetizados": 1253,
    "taxa_alfabetizacao_jovens": 96.16270145817344,
    "total_jovens_branca": 124,
    "total_jovens_preta": 64,
    "total_jovens_parda": 1069,
    "total_jovens_indigena": 16,
    "total_jovens_amarela": 0,
    "N_PESSOAS": 17194,
    "renda_media_final": 1327.91225660114,
    "vul_score_final": 0.5798705885269527
  }
}