{
  "geral": {
    "NM_MUN_demanda": "APU\u00cd",
    "15-19 ANOS": 1739,
    "20-24 ANOS": 1738,
    "25-29 ANOS": 1584,
    "15-19 ANOS, RA\u00c7A BRANCA": 355,
    "20-24 ANOS, RA\u00c7A BRANCA": 372,
    "25-29 ANOS, RA\u00c7A BRANCA": 377,
    "15-19 ANOS, RA\u00c7A PRETA": 135,
    "20-24 ANOS, RA\u00c7A PRETA": 102,
    "25-29 ANOS, RA\u00c7A PRETA": 71,
    "15-19 ANOS, RA\u00c7A PARDA": 1162,
    "20-24 ANOS, RA\u00c7A PARDA": 1174,
    "25-29 ANOS, RA\u00c7A PARDA": 1042,
    "15-19 ANOS, RA\u00c7A IND\u00cdGENA": 24,
    "20-24 ANOS, RA\u00c7A IND\u00cdGENA": 31,
    "25-29 ANOS, RA\u00c7A IND\u00cdGENA": 15,
    "15-19 ANOS, RA\u00c7A AMARELA": 0,
    "20-24 ANOS, RA\u00c7A AMARELA": 0,
    "25-29 ANOS, RA\u00c7A AMARELA": 3,
    "15 A 19 ANOS, ALFABETIZADAS": 1713,
    "20 A 24 ANOS, ALFABETIZADAS": 1707,
    "25 A 29 ANOS, ALFABETIZADAS": 1550,
    "total_jovens": 5061,
    "total_jovens_alfabetizados": 4970,
    "taxa_alfabetizacao_jovens": 98.20193637621023,
    "total_jovens_branca": 1104,
    "total_jovens_preta": 308,
    "total_jovens_parda": 3378,
    "total_jovens_indigena": 70,
    "total_jovens_amarela": 3,
    "N_PESSOAS": 20647,
    "renda_media_final": 2026.1950617523125,
    "vul_score_final": 0.5539840706698392
  },
  "15-19": {
    "NM_MUN_demanda": "APU\u00cd",
    "15-19 ANOS": 1739,
    "15-19 ANOS, RA\u00c7A BRANCA": 355,
    "15-19 ANOS, RA\u00c7A PRETA": 135,
    "15-19 ANOS, RA\u00c7A PARDA": 1162,
    "15-19 ANOS, RA\u00c7A IND\u00cdGENA": 24,
    "15-19 ANOS, RA\u00c7A AMARELA": 0,
    "15 A 19 ANOS, ALFABETIZADAS": 1713,
    "total_jovens": 1739,
    "total_jovens_alfabetizados": 1713,
    "taxa_alfabetizacao_jovens": 98.50488786659,
    "total_jovens_branca": 355,
    "total_jovens_preta": 135,
    "total_jovens_parda": 1162,
    "total_jovens_indigena": 24,
    "total_jovens_amarela": 0,
    "N_PESSOAS": 20647,
    "renda_media_final": 2026.1950617523125,
    "vul_score_final": 0.5539840706698392
  },
  "20-24": {
    "NM_MUN_demanda": "APU\u00cd",
    "20-24 ANOS": 1738,
    "20-24 ANOS, RA\u00c7A BRANCA": 372,
    "20-24 ANOS, RA\u00c7A PRETA": 102,
    "20-24 ANOS, RA\u00c7A PARDA": 1174,
    "20-24 ANOS, RA\u00c7A IND\u00cdGENA": 31,
    "20-24 ANOS, RA\u00c7A AMARELA": 0,
    "20 A 24 ANOS, ALFABETIZADAS": 1707,
    "total_jovens": 1738,
    "total_jovens_alfabetizados": 1707,
    "taxa_alfabetizacao_jovens": 98.2163406214039,
    "total_jovens_branca": 372,
    "total_jovens_preta": 102,
    "total_jovens_parda": 1174,
    "total_jovens_indigena": 31,
    "total_jovens_amarela": 0,
    "N_PESSOAS": 20647,
    "renda_media_final": 2026.1950617523125,
    "vul_score_final": 0.5539840706698392
  },
  "25-29": {
    "NM_MUN_demanda": "APU\u00cd",
    "25-29 ANOS": 1584,
    "25-29 ANOS, RA\u00c7A BRANCA": 377,
    "25-29 ANOS, RA\u00c7A PRETA": 71,
    "25-29 ANOS, RA\u00c7A PARDA": 1042,
    "25-29 ANOS, RA\u00c7A IND\u00cdGENA": 15,
    "25-29 ANOS, RA\u00c7A AMARELA": 3,
    "25 A 29 ANOS, ALFABETIZADAS": 1550,
    "total_jovens": 1584,
    "total_jovens_alfabetizados": 1550,
    "taxa_alfabetizacao_jovens": 97.85353535353535,
    "total_jovens_branca": 377,
    "total_jovens_preta": 71,
    "total_jovens_parda": 1042,
    "total_jovens_indigena": 15,
    "total_jovens_amarela": 3,
    "N_PESSOAS": 20647,
    "renda_media_final": 2026.1950617523125,
    "vul_score_final": 0.5539840706698392
  }
}