{
  "geral": {
    "NM_MUN_demanda": "ATALAIA DO NORTE",
    "15-19 ANOS": 1669,
    "20-24 ANOS": 1343,
    "25-29 ANOS": 1213,
    "15-19 ANOS, RA\u00c7A BRANCA": 156,
    "20-24 ANOS, RA\u00c7A BRANCA": 124,
    "25-29 ANOS, RA\u00c7A BRANCA": 117,
    "15-19 ANOS, RA\u00c7A PRETA": 36,
    "20-24 ANOS, RA\u00c7A PRETA": 34,
    "25-29 ANOS, RA\u00c7A PRETA": 38,
    "15-19 ANOS, RA\u00c7A PARDA": 619,
    "20-24 ANOS, RA\u00c7A PARDA": 552,
    "25-29 ANOS, RA\u00c7A PARDA": 564,
    "15-19 ANOS, RA\u00c7A IND\u00cdGENA": 817,
    "20-24 ANOS, RA\u00c7A IND\u00cdGENA": 596,
    "25-29 ANOS, RA\u00c7A IND\u00cdGENA": 459,
    "15-19 ANOS, RA\u00c7A AMARELA": 0,
    "20-24 ANOS, RA\u00c7A AMARELA": 0,
    "25-29 ANOS, RA\u00c7A AMARELA": 0,
    "15 A 19 ANOS, ALFABETIZADAS": 1488,
    "20 A 24 ANOS, ALFABETIZADAS": 1168,
    "25 A 29 ANOS, ALFABETIZADAS": 1049,
    "total_jovens": 4225,
    "total_jovens_alfabetizados": 3705,
    "taxa_alfabetizacao_jovens": 87.6923076923077,
    "total_jovens_branca": 397,
    "total_jovens_preta": 108,
    "total_jovens_parda": 1735,
    "total_jovens_indigena": 1872,
    "total_jovens_amarela": 0,
    "N_PESSOAS": 15314,
    "renda_media_final": 1479.8156732401724,
    "vul_score_final": 0.5391373202891708
  },
  "15-19": {
    "NM_MUN_demanda": "ATALAIA DO NORTE",
    "15-19 ANOS": 1669,
    "15-19 ANOS, RA\u00c7A BRANCA": 156,
    "15-19 ANOS, RA\u00c7A PRETA": 36,
    "15-19 ANOS, RA\u00c7A PARDA": 619,
    "15-19 ANOS, RA\u00c7A IND\u00cdGENA": 817,
    "15-19 ANOS, RA\u00c7A AMARELA": 0,
    "15 A 19 ANOS, ALFABETIZADAS": 1488,
    "total_jovens": 1669,
    "total_jovens_alfabetizados": 1488,
    "taxa_alfabetizacao_jovens": 89.15518274415818,
    "total_jovens_branca": 156,
    "total_jovens_preta": 36,
    "total_jovens_parda": 619,
    "total_jovens_indigena": 817,
    "total_jovens_amarela": 0,
    "N_PESSOAS": 15314,
    "renda_media_final": 1479.8156732401724,
    "vul_score_final": 0.5391373202891708
  },
  "20-24": {
    "NM_MUN_demanda": "ATALAIA DO NORTE",
    "20-24 ANOS": 1343,
    "20-24 ANOS, RA\u00c7A BRANCA": 124,
    "20-24 ANOS, RA\u00c7A PRETA": 34,
    "20-24 ANOS, RA\u00c7A PARDA": 552,
    "20-24 ANOS, RA\u00c7A IND\u00cdGENA": 596,
    "20-24 ANOS, RA\u00c7A AMARELA": 0,
    "20 A 24 ANOS, ALFABETIZADAS": 1168,
    "total_jovens": 1343,
    "total_jovens_alfabetizados": 1168,
    "taxa_alfabetizacao_jovens": 86.96947133283693,
    "total_jovens_branca": 124,
    "total_jovens_preta": 34,
    "total_jovens_parda": 552,
    "total_jovens_indigena": 596,
    "total_jovens_amarela": 0,
    "N_PESSOAS": 15314,
    "renda_media_final": 1479.8156732401724,
    "vul_score_final": 0.5391373202891708
  },
  "25-29": {
    "NM_MUN_demanda": "ATALAIA DO NORTE",
    "25-29 ANOS": 1213,
    "25-29 ANOS, RA\u00c7A BRANCA": 117,
    "25-29 ANOS, RA\u00c7A PRETA": 38,
    "25-29 ANOS, RA\u00c7A PARDA": 564,
    "25-29 ANOS, RA\u00c7A IND\u00cdGENA": 459,
    "25-29 ANOS, RA\u00c7A AMARELA": 0,
    "25 A 29 ANOS, ALFABETIZADAS": 1049,
    "total_jovens": 1213,
    "total_jovens_alfabetizados": 1049,
    "taxa_alfabetizacao_jovens": 86.47980214344601,
    "total_jovens_branca": 117,
    "total_jovens_preta": 38,
    "total_jovens_parda": 564,
    "total_jovens_indigena": 459,
    "total_jovens_amarela": 0,
    "N_PESSOAS": 15314,
    "renda_media_final": 1479.8156732401724,
    "vul_score_final": 0.5391373202891708
  }
}