{
  "geral": {
    "NM_MUN_demanda": "AUTAZES",
    "15-19 ANOS": 4177,
    "20-24 ANOS": 3559,
    "25-29 ANOS": 3090,
    "15-19 ANOS, RA\u00c7A BRANCA": 392,
    "20-24 ANOS, RA\u00c7A BRANCA": 308,
    "25-29 ANOS, RA\u00c7A BRANCA": 273,
    "15-19 ANOS, RA\u00c7A PRETA": 26,
    "20-24 ANOS, RA\u00c7A PRETA": 25,
    "25-29 ANOS, RA\u00c7A PRETA": 35,
    "15-19 ANOS, RA\u00c7A PARDA": 1998,
    "20-24 ANOS, RA\u00c7A PARDA": 1729,
    "25-29 ANOS, RA\u00c7A PARDA": 1574,
    "15-19 ANOS, RA\u00c7A IND\u00cdGENA": 1609,
    "20-24 ANOS, RA\u00c7A IND\u00cdGENA": 1317,
    "25-29 ANOS, RA\u00c7A IND\u00cdGENA": 1029,
    "15-19 ANOS, RA\u00c7A AMARELA": 0,
    "20-24 ANOS, RA\u00c7A AMARELA": 0,
    "25-29 ANOS, RA\u00c7A AMARELA": 0,
    "15 A 19 ANOS, ALFABETIZADAS": 4079,
    "20 A 24 ANOS, ALFABETIZADAS": 3448,
    "25 A 29 ANOS, ALFABETIZADAS": 2945,
    "total_jovens": 10826,
    "total_jovens_alfabetizados": 10472,
    "taxa_alfabetizacao_jovens": 96.73009421762424,
    "total_jovens_branca": 973,
    "total_jovens_preta": 86,
    "total_jovens_parda": 5301,
    "total_jovens_indigena": 3955,
    "total_jovens_amarela": 0,
    "N_PESSOAS": 41564,
    "renda_media_final": 1409.5475728996246,
    "vul_score_final": 0.5443618736261758
  },
  "15-19": {
    "NM_MUN_demanda": "AUTAZES",
    "15-19 ANOS": 4177,
    "15-19 ANOS, RA\u00c7A BRANCA": 392,
    "15-19 ANOS, RA\u00c7A PRETA": 26,
    "15-19 ANOS, RA\u00c7A PARDA": 1998,
    "15-19 ANOS, RA\u00c7A IND\u00cdGENA": 1609,
    "15-19 ANOS, RA\u00c7A AMARELA": 0,
    "15 A 19 ANOS, ALFABETIZADAS": 4079,
    "total_jovens": 4177,
    "total_jovens_alfabetizados": 4079,
    "taxa_alfabetizacao_jovens": 97.65381853004548,
    "total_jovens_branca": 392,
    "total_jovens_preta": 26,
    "total_jovens_parda": 1998,
    "total_jovens_indigena": 1609,
    "total_jovens_amarela": 0,
    "N_PESSOAS": 41564,
    "renda_media_final": 1409.5475728996246,
    "vul_score_final": 0.5443618736261758
  },
  "20-24": {
    "NM_MUN_demanda": "AUTAZES",
    "20-24 ANOS": 3559,
    "20-24 ANOS, RA\u00c7A BRANCA": 308,
    "20-24 ANOS, RA\u00c7A PRETA": 25,
    "20-24 ANOS, RA\u00c7A PARDA": 1729,
    "20-24 ANOS, RA\u00c7A IND\u00cdGENA": 1317,
    "20-24 ANOS, RA\u00c7A AMARELA": 0,
    "20 A 24 ANOS, ALFABETIZADAS": 3448,
    "total_jovens": 3559,
    "total_jovens_alfabetizados": 3448,
    "taxa_alfabetizacao_jovens": 96.88114638943523,
    "total_jovens_branca": 308,
    "total_jovens_preta": 25,
    "total_jovens_parda": 1729,
    "total_jovens_indigena": 1317,
    "total_jovens_amarela": 0,
    "N_PESSOAS": 41564,
    "renda_media_final": 1409.5475728996246,
    "vul_score_final": 0.5443618736261758
  },
  "25-29": {
    "NM_MUN_demanda": "AUTAZES",
    "25-29 ANOS": 3090,
    "25-29 ANOS, RA\u00c7A BRANCA": 273,
    "25-29 ANOS, RA\u00c7A PRETA": 35,
    "25-29 ANOS, RA\u00c7A PARDA": 1574,
    "25-29 ANOS, RA\u00c7A IND\u00cdGENA": 1029,
    "25-29 ANOS, RA\u00c7A AMARELA": 0,
    "25 A 29 ANOS, ALFABETIZADAS": 2945,
    "total_jovens": 3090,
    "total_jovens_alfabetizados": 2945,
    "taxa_alfabetizacao_jovens": 95.30744336569579,
    "total_jovens_branca": 273,
    "total_jovens_preta": 35,
    "total_jovens_parda": 1574,
    "total_jovens_indigena": 1029,
    "total_jovens_amarela": 0,
    "N_PESSOAS": 41564,
    "renda_media_final": 1409.5475728996246,
    "vul_score_final": 0.5443618736261758
  }
}