{
  "geral": {
    "NM_MUN_demanda": "BARCELOS",
    "15-19 ANOS": 1750,
    "20-24 ANOS": 1630,
    "25-29 ANOS": 1390,
    "15-19 ANOS, RA\u00c7A BRANCA": 77,
    "20-24 ANOS, RA\u00c7A BRANCA": 91,
    "25-29 ANOS, RA\u00c7A BRANCA": 61,
    "15-19 ANOS, RA\u00c7A PRETA": 18,
    "20-24 ANOS, RA\u00c7A PRETA": 32,
    "25-29 ANOS, RA\u00c7A PRETA": 33,
    "15-19 ANOS, RA\u00c7A PARDA": 691,
    "20-24 ANOS, RA\u00c7A PARDA": 679,
    "25-29 ANOS, RA\u00c7A PARDA": 569,
    "15-19 ANOS, RA\u00c7A IND\u00cdGENA": 915,
    "20-24 ANOS, RA\u00c7A IND\u00cdGENA": 763,
    "25-29 ANOS, RA\u00c7A IND\u00cdGENA": 667,
    "15-19 ANOS, RA\u00c7A AMARELA": 0,
    "20-24 ANOS, RA\u00c7A AMARELA": 0,
    "25-29 ANOS, RA\u00c7A AMARELA": 0,
    "15 A 19 ANOS, ALFABETIZADAS": 1413,
    "20 A 24 ANOS, ALFABETIZADAS": 1400,
    "25 A 29 ANOS, ALFABETIZADAS": 1193,
    "total_jovens": 4770,
    "total_jovens_alfabetizados": 4006,
    "taxa_alfabetizacao_jovens": 83.9832285115304,
    "total_jovens_branca": 229,
    "total_jovens_preta": 83,
    "total_jovens_parda": 1939,
    "total_jovens_indigena": 2345,
    "total_jovens_amarela": 0,
    "N_PESSOAS": 18834,
    "renda_media_final": 1333.4843532972284,
    "vul_score_final": 0.5308355136544906
  },
  "15-19": {
    "NM_MUN_demanda": "BARCELOS",
    "15-19 ANOS": 1750,
    "15-19 ANOS, RA\u00c7A BRANCA": 77,
    "15-19 ANOS, RA\u00c7A PRETA": 18,
    "15-19 ANOS, RA\u00c7A PARDA": 691,
    "15-19 ANOS, RA\u00c7A IND\u00cdGENA": 915,
    "15-19 ANOS, RA\u00c7A AMARELA": 0,
    "15 A 19 ANOS, ALFABETIZADAS": 1413,
    "total_jovens": 1750,
    "total_jovens_alfabetizados": 1413,
    "taxa_alfabetizacao_jovens": 80.74285714285713,
    "total_jovens_branca": 77,
    "total_jovens_preta": 18,
    "total_jovens_parda": 691,
    "total_jovens_indigena": 915,
    "total_jovens_amarela": 0,
    "N_PESSOAS": 18834,
    "renda_media_final": 1333.4843532972284,
    "vul_score_final": 0.5308355136544906
  },
  "20-24": {
    "NM_MUN_demanda": "BARCELOS",
    "20-24 ANOS": 1630,
    "20-24 ANOS, RA\u00c7A BRANCA": 91,
    "20-24 ANOS, RA\u00c7A PRETA": 32,
    "20-24 ANOS, RA\u00c7A PARDA": 679,
    "20-24 ANOS, RA\u00c7A IND\u00cdGENA": 763,
    "20-24 ANOS, RA\u00c7A AMARELA": 0,
    "20 A 24 ANOS, ALFABETIZADAS": 1400,
    "total_jovens": 1630,
    "total_jovens_alfabetizados": 1400,
    "taxa_alfabetizacao_jovens": 85.88957055214725,
    "total_jovens_branca": 91,
    "total_jovens_preta": 32,
    "total_jovens_parda": 679,
    "total_jovens_indigena": 763,
    "total_jovens_amarela": 0,
    "N_PESSOAS": 18834,
    "renda_media_final": 1333.4843532972284,
    "vul_score_final": 0.5308355136544906
  },
  "25-29": {
    "NM_MUN_demanda": "BARCELOS",
    "25-29 ANOS": 1390,
    "25-29 ANOS, RA\u00c7A BRANCA": 61,
    "25-29 ANOS, RA\u00c7A PRETA": 33,
    "25-29 ANOS, RA\u00c7A PARDA": 569,
    "25-29 ANOS, RA\u00c7A IND\u00cdGENA": 667,
    "25-29 ANOS, RA\u00c7A AMARELA": 0,
    "25 A 29 ANOS, ALFABETIZADAS": 1193,
    "total_jovens": 1390,
    "total_jovens_alfabetizados": 1193,
    "taxa_alfabetizacao_jovens": 85.8273381294964,
    "total_jovens_branca": 61,
    "total_jovens_preta": 33,
    "total_jovens_parda": 569,
    "total_jovens_indigena": 667,
    "total_jovens_amarela": 0,
    "N_PESSOAS": 18834,
    "renda_media_final": 1333.4843532972284,
    "vul_score_final": 0.5308355136544906
  }
}