{
  "geral": {
    "NM_MUN_demanda": "BARREIRINHA",
    "15-19 ANOS": 3509,
    "20-24 ANOS": 2878,
    "25-29 ANOS": 2360,
    "15-19 ANOS, RA\u00c7A BRANCA": 296,
    "20-24 ANOS, RA\u00c7A BRANCA": 232,
    "25-29 ANOS, RA\u00c7A BRANCA": 170,
    "15-19 ANOS, RA\u00c7A PRETA": 281,
    "20-24 ANOS, RA\u00c7A PRETA": 212,
    "25-29 ANOS, RA\u00c7A PRETA": 163,
    "15-19 ANOS, RA\u00c7A PARDA": 2218,
    "20-24 ANOS, RA\u00c7A PARDA": 1810,
    "25-29 ANOS, RA\u00c7A PARDA": 1539,
    "15-19 ANOS, RA\u00c7A IND\u00cdGENA": 645,
    "20-24 ANOS, RA\u00c7A IND\u00cdGENA": 544,
    "25-29 ANOS, RA\u00c7A IND\u00cdGENA": 388,
    "15-19 ANOS, RA\u00c7A AMARELA": 0,
    "20-24 ANOS, RA\u00c7A AMARELA": 0,
    "25-29 ANOS, RA\u00c7A AMARELA": 0,
    "15 A 19 ANOS, ALFABETIZADAS": 3452,
    "20 A 24 ANOS, ALFABETIZADAS": 2830,
    "25 A 29 ANOS, ALFABETIZADAS": 2311,
    "total_jovens": 8747,
    "total_jovens_alfabetizados": 8593,
    "taxa_alfabetizacao_jovens": 98.23939636446781,
    "total_jovens_branca": 698,
    "total_jovens_preta": 656,
    "total_jovens_parda": 5567,
    "total_jovens_indigena": 1577,
    "total_jovens_amarela": 0,
    "N_PESSOAS": 31051,
    "renda_media_final": 1222.6709046407523,
    "vul_score_final": 0.5683528409192625
  },
  "15-19": {
    "NM_MUN_demanda": "BARREIRINHA",
    "15-19 ANOS": 3509,
    "15-19 ANOS, RA\u00c7A BRANCA": 296,
    "15-19 ANOS, RA\u00c7A PRETA": 281,
    "15-19 ANOS, RA\u00c7A PARDA": 2218,
    "15-19 ANOS, RA\u00c7A IND\u00cdGENA": 645,
    "15-19 ANOS, RA\u00c7A AMARELA": 0,
    "15 A 19 ANOS, ALFABETIZADAS": 3452,
    "total_jovens": 3509,
    "total_jovens_alfabetizados": 3452,
    "taxa_alfabetizacao_jovens": 98.37560558563693,
    "total_jovens_branca": 296,
    "total_jovens_preta": 281,
    "total_jovens_parda": 2218,
    "total_jovens_indigena": 645,
    "total_jovens_amarela": 0,
    "N_PESSOAS": 31051,
    "renda_media_final": 1222.6709046407523,
    "vul_score_final": 0.5683528409192625
  },
  "20-24": {
    "NM_MUN_demanda": "BARREIRINHA",
    "20-24 ANOS": 2878,
    "20-24 ANOS, RA\u00c7A BRANCA": 232,
    "20-24 ANOS, RA\u00c7A PRETA": 212,
    "20-24 ANOS, RA\u00c7A PARDA": 1810,
    "20-24 ANOS, RA\u00c7A IND\u00cdGENA": 544,
    "20-24 ANOS, RA\u00c7A AMARELA": 0,
    "20 A 24 ANOS, ALFABETIZADAS": 2830,
    "total_jovens": 2878,
    "total_jovens_alfabetizados": 2830,
    "taxa_alfabetizacao_jovens": 98.33217512161224,
    "total_jovens_branca": 232,
    "total_jovens_preta": 212,
    "total_jovens_parda": 1810,
    "total_jovens_indigena": 544,
    "total_jovens_amarela": 0,
    "N_PESSOAS": 31051,
    "renda_media_final": 1222.6709046407523,
    "vul_score_final": 0.5683528409192625
  },
  "25-29": {
    "NM_MUN_demanda": "BARREIRINHA",
    "25-29 ANOS": 2360,
    "25-29 ANOS, RA\u00c7A BRANCA": 170,
    "25-29 ANOS, RA\u00c7A PRETA": 163,
    "25-29 ANOS, RA\u00c7A PARDA": 1539,
    "25-29 ANOS, RA\u00c7A IND\u00cdGENA": 388,
    "25-29 ANOS, RA\u00c7A AMARELA": 0,
    "25 A 29 ANOS, ALFABETIZADAS": 2311,
    "total_jovens": 2360,
    "total_jovens_alfabetizados": 2311,
    "taxa_alfabetizacao_jovens": 97.92372881355932,
    "total_jovens_branca": 170,
    "total_jovens_preta": 163,
    "total_jovens_parda": 1539,
    "total_jovens_indigena": 388,
    "total_jovens_amarela": 0,
    "N_PESSOAS": 31051,
    "renda_media_final": 1222.6709046407523,
    "vul_score_final": 0.5683528409192625
  }
}