{
  "geral": {
    "NM_MUN_demanda": "BENJAMIN CONSTANT",
    "15-19 ANOS": 3999,
    "20-24 ANOS": 3388,
    "25-29 ANOS": 2993,
    "15-19 ANOS, RA\u00c7A BRANCA": 242,
    "20-24 ANOS, RA\u00c7A BRANCA": 189,
    "25-29 ANOS, RA\u00c7A BRANCA": 166,
    "15-19 ANOS, RA\u00c7A PRETA": 71,
    "20-24 ANOS, RA\u00c7A PRETA": 104,
    "25-29 ANOS, RA\u00c7A PRETA": 63,
    "15-19 ANOS, RA\u00c7A PARDA": 2078,
    "20-24 ANOS, RA\u00c7A PARDA": 1705,
    "25-29 ANOS, RA\u00c7A PARDA": 1617,
    "15-19 ANOS, RA\u00c7A IND\u00cdGENA": 1542,
    "20-24 ANOS, RA\u00c7A IND\u00cdGENA": 1333,
    "25-29 ANOS, RA\u00c7A IND\u00cdGENA": 1065,
    "15-19 ANOS, RA\u00c7A AMARELA": 0,
    "20-24 ANOS, RA\u00c7A AMARELA": 0,
    "25-29 ANOS, RA\u00c7A AMARELA": 0,
    "15 A 19 ANOS, ALFABETIZADAS": 3912,
    "20 A 24 ANOS, ALFABETIZADAS": 3297,
    "25 A 29 ANOS, ALFABETIZADAS": 2879,
    "total_jovens": 10380,
    "total_jovens_alfabetizados": 10088,
    "taxa_alfabetizacao_jovens": 97.1868978805395,
    "total_jovens_branca": 597,
    "total_jovens_preta": 238,
    "total_jovens_parda": 5400,
    "total_jovens_indigena": 3940,
    "total_jovens_amarela": 0,
    "N_PESSOAS": 37648,
    "renda_media_final": 1697.4635404271141,
    "vul_score_final": 0.6447910018254231
  },
  "15-19": {
    "NM_MUN_demanda": "BENJAMIN CONSTANT",
    "15-19 ANOS": 3999,
    "15-19 ANOS, RA\u00c7A BRANCA": 242,
    "15-19 ANOS, RA\u00c7A PRETA": 71,
    "15-19 ANOS, RA\u00c7A PARDA": 2078,
    "15-19 ANOS, RA\u00c7A IND\u00cdGENA": 1542,
    "15-19 ANOS, RA\u00c7A AMARELA": 0,
    "15 A 19 ANOS, ALFABETIZADAS": 3912,
    "total_jovens": 3999,
    "total_jovens_alfabetizados": 3912,
    "taxa_alfabetizacao_jovens": 97.82445611402851,
    "total_jovens_branca": 242,
    "total_jovens_preta": 71,
    "total_jovens_parda": 2078,
    "total_jovens_indigena": 1542,
    "total_jovens_amarela": 0,
    "N_PESSOAS": 37648,
    "renda_media_final": 1697.4635404271141,
    "vul_score_final": 0.6447910018254231
  },
  "20-24": {
    "NM_MUN_demanda": "BENJAMIN CONSTANT",
    "20-24 ANOS": 3388,
    "20-24 ANOS, RA\u00c7A BRANCA": 189,
    "20-24 ANOS, RA\u00c7A PRETA": 104,
    "20-24 ANOS, RA\u00c7A PARDA": 1705,
    "20-24 ANOS, RA\u00c7A IND\u00cdGENA": 1333,
    "20-24 ANOS, RA\u00c7A AMARELA": 0,
    "20 A 24 ANOS, ALFABETIZADAS": 3297,
    "total_jovens": 3388,
    "total_jovens_alfabetizados": 3297,
    "taxa_alfabetizacao_jovens": 97.31404958677686,
    "total_jovens_branca": 189,
    "total_jovens_preta": 104,
    "total_jovens_parda": 1705,
    "total_jovens_indigena": 1333,
    "total_jovens_amarela": 0,
    "N_PESSOAS": 37648,
    "renda_media_final": 1697.4635404271141,
    "vul_score_final": 0.6447910018254231
  },
  "25-29": {
    "NM_MUN_demanda": "BENJAMIN CONSTANT",
    "25-29 ANOS": 2993,
    "25-29 ANOS, RA\u00c7A BRANCA": 166,
    "25-29 ANOS, RA\u00c7A PRETA": 63,
    "25-29 ANOS, RA\u00c7A PARDA": 1617,
    "25-29 ANOS, RA\u00c7A IND\u00cdGENA": 1065,
    "25-29 ANOS, RA\u00c7A AMARELA": 0,
    "25 A 29 ANOS, ALFABETIZADAS": 2879,
    "total_jovens": 2993,
    "total_jovens_alfabetizados": 2879,
    "taxa_alfabetizacao_jovens": 96.19111259605747,
    "total_jovens_branca": 166,
    "total_jovens_preta": 63,
    "total_jovens_parda": 1617,
    "total_jovens_indigena": 1065,
    "total_jovens_amarela": 0,
    "N_PESSOAS": 37648,
    "renda_media_final": 1697.4635404271141,
    "vul_score_final": 0.6447910018254231
  }
}