{
  "geral": {
    "NM_MUN_demanda": "BERURI",
    "15-19 ANOS": 2453,
    "20-24 ANOS": 1974,
    "25-29 ANOS": 1594,
    "15-19 ANOS, RA\u00c7A BRANCA": 268,
    "20-24 ANOS, RA\u00c7A BRANCA": 205,
    "25-29 ANOS, RA\u00c7A BRANCA": 143,
    "15-19 ANOS, RA\u00c7A PRETA": 68,
    "20-24 ANOS, RA\u00c7A PRETA": 45,
    "25-29 ANOS, RA\u00c7A PRETA": 39,
    "15-19 ANOS, RA\u00c7A PARDA": 1814,
    "20-24 ANOS, RA\u00c7A PARDA": 1527,
    "25-29 ANOS, RA\u00c7A PARDA": 1239,
    "15-19 ANOS, RA\u00c7A IND\u00cdGENA": 219,
    "20-24 ANOS, RA\u00c7A IND\u00cdGENA": 120,
    "25-29 ANOS, RA\u00c7A IND\u00cdGENA": 97,
    "15-19 ANOS, RA\u00c7A AMARELA": 0,
    "20-24 ANOS, RA\u00c7A AMARELA": 0,
    "25-29 ANOS, RA\u00c7A AMARELA": 0,
    "15 A 19 ANOS, ALFABETIZADAS": 2344,
    "20 A 24 ANOS, ALFABETIZADAS": 1872,
    "25 A 29 ANOS, ALFABETIZADAS": 1468,
    "total_jovens": 6021,
    "total_jovens_alfabetizados": 5684,
    "taxa_alfabetizacao_jovens": 94.40292310247467,
    "total_jovens_branca": 616,
    "total_jovens_preta": 152,
    "total_jovens_parda": 4580,
    "total_jovens_indigena": 436,
    "total_jovens_amarela": 0,
    "N_PESSOAS": 20718,
    "renda_media_final": 1159.2478960324356,
    "vul_score_final": 0.5763702283396104
  },
  "15-19": {
    "NM_MUN_demanda": "BERURI",
    "15-19 ANOS": 2453,
    "15-19 ANOS, RA\u00c7A BRANCA": 268,
    "15-19 ANOS, RA\u00c7A PRETA": 68,
    "15-19 ANOS, RA\u00c7A PARDA": 1814,
    "15-19 ANOS, RA\u00c7A IND\u00cdGENA": 219,
    "15-19 ANOS, RA\u00c7A AMARELA": 0,
    "15 A 19 ANOS, ALFABETIZADAS": 2344,
    "total_jovens": 2453,
    "total_jovens_alfabetizados": 2344,
    "taxa_alfabetizacao_jovens": 95.55646147574399,
    "total_jovens_branca": 268,
    "total_jovens_preta": 68,
    "total_jovens_parda": 1814,
    "total_jovens_indigena": 219,
    "total_jovens_amarela": 0,
    "N_PESSOAS": 20718,
    "renda_media_final": 1159.2478960324356,
    "vul_score_final": 0.5763702283396104
  },
  "20-24": {
    "NM_MUN_demanda": "BERURI",
    "20-24 ANOS": 1974,
    "20-24 ANOS, RA\u00c7A BRANCA": 205,
    "20-24 ANOS, RA\u00c7A PRETA": 45,
    "20-24 ANOS, RA\u00c7A PARDA": 1527,
    "20-24 ANOS, RA\u00c7A IND\u00cdGENA": 120,
    "20-24 ANOS, RA\u00c7A AMARELA": 0,
    "20 A 24 ANOS, ALFABETIZADAS": 1872,
    "total_jovens": 1974,
    "total_jovens_alfabetizados": 1872,
    "taxa_alfabetizacao_jovens": 94.83282674772036,
    "total_jovens_branca": 205,
    "total_jovens_preta": 45,
    "total_jovens_parda": 1527,
    "total_jovens_indigena": 120,
    "total_jovens_amarela": 0,
    "N_PESSOAS": 20718,
    "renda_media_final": 1159.2478960324356,
    "vul_score_final": 0.5763702283396104
  },
  "25-29": {
    "NM_MUN_demanda": "BERURI",
    "25-29 ANOS": 1594,
    "25-29 ANOS, RA\u00c7A BRANCA": 143,
    "25-29 ANOS, RA\u00c7A PRETA": 39,
    "25-29 ANOS, RA\u00c7A PARDA": 1239,
    "25-29 ANOS, RA\u00c7A IND\u00cdGENA": 97,
    "25-29 ANOS, RA\u00c7A AMARELA": 0,
    "25 A 29 ANOS, ALFABETIZADAS": 1468,
    "total_jovens": 1594,
    "total_jovens_alfabetizados": 1468,
    "taxa_alfabetizacao_jovens": 92.09535759096612,
    "total_jovens_branca": 143,
    "total_jovens_preta": 39,
    "total_jovens_parda": 1239,
    "total_jovens_indigena": 97,
    "total_jovens_amarela": 0,
    "N_PESSOAS": 20718,
    "renda_media_final": 1159.2478960324356,
    "vul_score_final": 0.5763702283396104
  }
}