{
  "geral": {
    "NM_MUN_demanda": "BOA VISTA DO RAMOS",
    "15-19 ANOS": 2368,
    "20-24 ANOS": 2370,
    "25-29 ANOS": 2014,
    "15-19 ANOS, RA\u00c7A BRANCA": 83,
    "20-24 ANOS, RA\u00c7A BRANCA": 75,
    "25-29 ANOS, RA\u00c7A BRANCA": 42,
    "15-19 ANOS, RA\u00c7A PRETA": 16,
    "20-24 ANOS, RA\u00c7A PRETA": 12,
    "25-29 ANOS, RA\u00c7A PRETA": 3,
    "15-19 ANOS, RA\u00c7A PARDA": 2183,
    "20-24 ANOS, RA\u00c7A PARDA": 2197,
    "25-29 ANOS, RA\u00c7A PARDA": 1866,
    "15-19 ANOS, RA\u00c7A IND\u00cdGENA": 49,
    "20-24 ANOS, RA\u00c7A IND\u00cdGENA": 28,
    "25-29 ANOS, RA\u00c7A IND\u00cdGENA": 36,
    "15-19 ANOS, RA\u00c7A AMARELA": 0,
    "20-24 ANOS, RA\u00c7A AMARELA": 0,
    "25-29 ANOS, RA\u00c7A AMARELA": 0,
    "15 A 19 ANOS, ALFABETIZADAS": 2338,
    "20 A 24 ANOS, ALFABETIZADAS": 2344,
    "25 A 29 ANOS, ALFABETIZADAS": 1986,
    "total_jovens": 6752,
    "total_jovens_alfabetizados": 6668,
    "taxa_alfabetizacao_jovens": 98.75592417061611,
    "total_jovens_branca": 200,
    "total_jovens_preta": 31,
    "total_jovens_parda": 6246,
    "total_jovens_indigena": 113,
    "total_jovens_amarela": 0,
    "N_PESSOAS": 23785,
    "renda_media_final": 1181.0353992011771,
    "vul_score_final": 0.555679329952438
  },
  "15-19": {
    "NM_MUN_demanda": "BOA VISTA DO RAMOS",
    "15-19 ANOS": 2368,
    "15-19 ANOS, RA\u00c7A BRANCA": 83,
    "15-19 ANOS, RA\u00c7A PRETA": 16,
    "15-19 ANOS, RA\u00c7A PARDA": 2183,
    "15-19 ANOS, RA\u00c7A IND\u00cdGENA": 49,
    "15-19 ANOS, RA\u00c7A AMARELA": 0,
    "15 A 19 ANOS, ALFABETIZADAS": 2338,
    "total_jovens": 2368,
    "total_jovens_alfabetizados": 2338,
    "taxa_alfabetizacao_jovens": 98.7331081081081,
    "total_jovens_branca": 83,
    "total_jovens_preta": 16,
    "total_jovens_parda": 2183,
    "total_jovens_indigena": 49,
    "total_jovens_amarela": 0,
    "N_PESSOAS": 23785,
    "renda_media_final": 1181.0353992011771,
    "vul_score_final": 0.555679329952438
  },
  "20-24": {
    "NM_MUN_demanda": "BOA VISTA DO RAMOS",
    "20-24 ANOS": 2370,
    "20-24 ANOS, RA\u00c7A BRANCA": 75,
    "20-24 ANOS, RA\u00c7A PRETA": 12,
    "20-24 ANOS, RA\u00c7A PARDA": 2197,
    "20-24 ANOS, RA\u00c7A IND\u00cdGENA": 28,
    "20-24 ANOS, RA\u00c7A AMARELA": 0,
    "20 A 24 ANOS, ALFABETIZADAS": 2344,
    "total_jovens": 2370,
    "total_jovens_alfabetizados": 2344,
    "taxa_alfabetizacao_jovens": 98.90295358649789,
    "total_jovens_branca": 75,
    "total_jovens_preta": 12,
    "total_jovens_parda": 2197,
    "total_jovens_indigena": 28,
    "total_jovens_amarela": 0,
    "N_PESSOAS": 23785,
    "renda_media_final": 1181.0353992011771,
    "vul_score_final": 0.555679329952438
  },
  "25-29": {
    "NM_MUN_demanda": "BOA VISTA DO RAMOS",
    "25-29 ANOS": 2014,
    "25-29 ANOS, RA\u00c7A BRANCA": 42,
    "25-29 ANOS, RA\u00c7A PRETA": 3,
    "25-29 ANOS, RA\u00c7A PARDA": 1866,
    "25-29 ANOS, RA\u00c7A IND\u00cdGENA": 36,
    "25-29 ANOS, RA\u00c7A AMARELA": 0,
    "25 A 29 ANOS, ALFABETIZADAS": 1986,
    "total_jovens": 2014,
    "total_jovens_alfabetizados": 1986,
    "taxa_alfabetizacao_jovens": 98.60973187686196,
    "total_jovens_branca": 42,
    "total_jovens_preta": 3,
    "total_jovens_parda": 1866,
    "total_jovens_indigena": 36,
    "total_jovens_amarela": 0,
    "N_PESSOAS": 23785,
    "renda_media_final": 1181.0353992011771,
    "vul_score_final": 0.555679329952438
  }
}