{
  "geral": {
    "NM_MUN_demanda": "BOCA DO ACRE",
    "15-19 ANOS": 3531,
    "20-24 ANOS": 3222,
    "25-29 ANOS": 2894,
    "15-19 ANOS, RA\u00c7A BRANCA": 833,
    "20-24 ANOS, RA\u00c7A BRANCA": 709,
    "25-29 ANOS, RA\u00c7A BRANCA": 594,
    "15-19 ANOS, RA\u00c7A PRETA": 173,
    "20-24 ANOS, RA\u00c7A PRETA": 193,
    "25-29 ANOS, RA\u00c7A PRETA": 149,
    "15-19 ANOS, RA\u00c7A PARDA": 2250,
    "20-24 ANOS, RA\u00c7A PARDA": 2094,
    "25-29 ANOS, RA\u00c7A PARDA": 1953,
    "15-19 ANOS, RA\u00c7A IND\u00cdGENA": 159,
    "20-24 ANOS, RA\u00c7A IND\u00cdGENA": 113,
    "25-29 ANOS, RA\u00c7A IND\u00cdGENA": 71,
    "15-19 ANOS, RA\u00c7A AMARELA": 3,
    "20-24 ANOS, RA\u00c7A AMARELA": 0,
    "25-29 ANOS, RA\u00c7A AMARELA": 0,
    "15 A 19 ANOS, ALFABETIZADAS": 3369,
    "20 A 24 ANOS, ALFABETIZADAS": 3070,
    "25 A 29 ANOS, ALFABETIZADAS": 2702,
    "total_jovens": 9647,
    "total_jovens_alfabetizados": 9141,
    "taxa_alfabetizacao_jovens": 94.75484606613455,
    "total_jovens_branca": 2136,
    "total_jovens_preta": 515,
    "total_jovens_parda": 6297,
    "total_jovens_indigena": 343,
    "total_jovens_amarela": 3,
    "N_PESSOAS": 35447,
    "renda_media_final": 1431.8887172398229,
    "vul_score_final": 0.5838409012819278
  },
  "15-19": {
    "NM_MUN_demanda": "BOCA DO ACRE",
    "15-19 ANOS": 3531,
    "15-19 ANOS, RA\u00c7A BRANCA": 833,
    "15-19 ANOS, RA\u00c7A PRETA": 173,
    "15-19 ANOS, RA\u00c7A PARDA": 2250,
    "15-19 ANOS, RA\u00c7A IND\u00cdGENA": 159,
    "15-19 ANOS, RA\u00c7A AMARELA": 3,
    "15 A 19 ANOS, ALFABETIZADAS": 3369,
    "total_jovens": 3531,
    "total_jovens_alfabetizados": 3369,
    "taxa_alfabetizacao_jovens": 95.41206457094307,
    "total_jovens_branca": 833,
    "total_jovens_preta": 173,
    "total_jovens_parda": 2250,
    "total_jovens_indigena": 159,
    "total_jovens_amarela": 3,
    "N_PESSOAS": 35447,
    "renda_media_final": 1431.8887172398229,
    "vul_score_final": 0.5838409012819278
  },
  "20-24": {
    "NM_MUN_demanda": "BOCA DO ACRE",
    "20-24 ANOS": 3222,
    "20-24 ANOS, RA\u00c7A BRANCA": 709,
    "20-24 ANOS, RA\u00c7A PRETA": 193,
    "20-24 ANOS, RA\u00c7A PARDA": 2094,
    "20-24 ANOS, RA\u00c7A IND\u00cdGENA": 113,
    "20-24 ANOS, RA\u00c7A AMARELA": 0,
    "20 A 24 ANOS, ALFABETIZADAS": 3070,
    "total_jovens": 3222,
    "total_jovens_alfabetizados": 3070,
    "taxa_alfabetizacao_jovens": 95.28243327126009,
    "total_jovens_branca": 709,
    "total_jovens_preta": 193,
    "total_jovens_parda": 2094,
    "total_jovens_indigena": 113,
    "total_jovens_amarela": 0,
    "N_PESSOAS": 35447,
    "renda_media_final": 1431.8887172398229,
    "vul_score_final": 0.5838409012819278
  },
  "25-29": {
    "NM_MUN_demanda": "BOCA DO ACRE",
    "25-29 ANOS": 2894,
    "25-29 ANOS, RA\u00c7A BRANCA": 594,
    "25-29 ANOS, RA\u00c7A PRETA": 149,
    "25-29 ANOS, RA\u00c7A PARDA": 1953,
    "25-29 ANOS, RA\u00c7A IND\u00cdGENA": 71,
    "25-29 ANOS, RA\u00c7A AMARELA": 0,
    "25 A 29 ANOS, ALFABETIZADAS": 2702,
    "total_jovens": 2894,
    "total_jovens_alfabetizados": 2702,
    "taxa_alfabetizacao_jovens": 93.36558396682793,
    "total_jovens_branca": 594,
    "total_jovens_preta": 149,
    "total_jovens_parda": 1953,
    "total_jovens_indigena": 71,
    "total_jovens_amarela": 0,
    "N_PESSOAS": 35447,
    "renda_media_final": 1431.8887172398229,
    "vul_score_final": 0.5838409012819278
  }
}