{
  "geral": {
    "NM_MUN_demanda": "BORBA",
    "15-19 ANOS": 3583,
    "20-24 ANOS": 2944,
    "25-29 ANOS": 2618,
    "15-19 ANOS, RA\u00c7A BRANCA": 377,
    "20-24 ANOS, RA\u00c7A BRANCA": 244,
    "25-29 ANOS, RA\u00c7A BRANCA": 221,
    "15-19 ANOS, RA\u00c7A PRETA": 68,
    "20-24 ANOS, RA\u00c7A PRETA": 64,
    "25-29 ANOS, RA\u00c7A PRETA": 57,
    "15-19 ANOS, RA\u00c7A PARDA": 2329,
    "20-24 ANOS, RA\u00c7A PARDA": 1990,
    "25-29 ANOS, RA\u00c7A PARDA": 1877,
    "15-19 ANOS, RA\u00c7A IND\u00cdGENA": 715,
    "20-24 ANOS, RA\u00c7A IND\u00cdGENA": 537,
    "25-29 ANOS, RA\u00c7A IND\u00cdGENA": 364,
    "15-19 ANOS, RA\u00c7A AMARELA": 0,
    "20-24 ANOS, RA\u00c7A AMARELA": 0,
    "25-29 ANOS, RA\u00c7A AMARELA": 0,
    "15 A 19 ANOS, ALFABETIZADAS": 3510,
    "20 A 24 ANOS, ALFABETIZADAS": 2844,
    "25 A 29 ANOS, ALFABETIZADAS": 2537,
    "total_jovens": 9145,
    "total_jovens_alfabetizados": 8891,
    "taxa_alfabetizacao_jovens": 97.22252597047567,
    "total_jovens_branca": 842,
    "total_jovens_preta": 189,
    "total_jovens_parda": 6196,
    "total_jovens_indigena": 1616,
    "total_jovens_amarela": 0,
    "N_PESSOAS": 33080,
    "renda_media_final": 1291.1383113663846,
    "vul_score_final": 0.5120684520952565
  },
  "15-19": {
    "NM_MUN_demanda": "BORBA",
    "15-19 ANOS": 3583,
    "15-19 ANOS, RA\u00c7A BRANCA": 377,
    "15-19 ANOS, RA\u00c7A PRETA": 68,
    "15-19 ANOS, RA\u00c7A PARDA": 2329,
    "15-19 ANOS, RA\u00c7A IND\u00cdGENA": 715,
    "15-19 ANOS, RA\u00c7A AMARELA": 0,
    "15 A 19 ANOS, ALFABETIZADAS": 3510,
    "total_jovens": 3583,
    "total_jovens_alfabetizados": 3510,
    "taxa_alfabetizacao_jovens": 97.96260117220207,
    "total_jovens_branca": 377,
    "total_jovens_preta": 68,
    "total_jovens_parda": 2329,
    "total_jovens_indigena": 715,
    "total_jovens_amarela": 0,
    "N_PESSOAS": 33080,
    "renda_media_final": 1291.1383113663846,
    "vul_score_final": 0.5120684520952565
  },
  "20-24": {
    "NM_MUN_demanda": "BORBA",
    "20-24 ANOS": 2944,
    "20-24 ANOS, RA\u00c7A BRANCA": 244,
    "20-24 ANOS, RA\u00c7A PRETA": 64,
    "20-24 ANOS, RA\u00c7A PARDA": 1990,
    "20-24 ANOS, RA\u00c7A IND\u00cdGENA": 537,
    "20-24 ANOS, RA\u00c7A AMARELA": 0,
    "20 A 24 ANOS, ALFABETIZADAS": 2844,
    "total_jovens": 2944,
    "total_jovens_alfabetizados": 2844,
    "taxa_alfabetizacao_jovens": 96.60326086956522,
    "total_jovens_branca": 244,
    "total_jovens_preta": 64,
    "total_jovens_parda": 1990,
    "total_jovens_indigena": 537,
    "total_jovens_amarela": 0,
    "N_PESSOAS": 33080,
    "renda_media_final": 1291.1383113663846,
    "vul_score_final": 0.5120684520952565
  },
  "25-29": {
    "NM_MUN_demanda": "BORBA",
    "25-29 ANOS": 2618,
    "25-29 ANOS, RA\u00c7A BRANCA": 221,
    "25-29 ANOS, RA\u00c7A PRETA": 57,
    "25-29 ANOS, RA\u00c7A PARDA": 1877,
    "25-29 ANOS, RA\u00c7A IND\u00cdGENA": 364,
    "25-29 ANOS, RA\u00c7A AMARELA": 0,
    "25 A 29 ANOS, ALFABETIZADAS": 2537,
    "total_jovens": 2618,
    "total_jovens_alfabetizados": 2537,
    "taxa_alfabetizacao_jovens": 96.90603514132926,
    "total_jovens_branca": 221,
    "total_jovens_preta": 57,
    "total_jovens_parda": 1877,
    "total_jovens_indigena": 364,
    "total_jovens_amarela": 0,
    "N_PESSOAS": 33080,
    "renda_media_final": 1291.1383113663846,
    "vul_score_final": 0.5120684520952565
  }
}