{
  "geral": {
    "NM_MUN_demanda": "CAAPIRANGA",
    "15-19 ANOS": 1508,
    "20-24 ANOS": 1384,
    "25-29 ANOS": 1170,
    "15-19 ANOS, RA\u00c7A BRANCA": 198,
    "20-24 ANOS, RA\u00c7A BRANCA": 170,
    "25-29 ANOS, RA\u00c7A BRANCA": 118,
    "15-19 ANOS, RA\u00c7A PRETA": 27,
    "20-24 ANOS, RA\u00c7A PRETA": 14,
    "25-29 ANOS, RA\u00c7A PRETA": 26,
    "15-19 ANOS, RA\u00c7A PARDA": 1259,
    "20-24 ANOS, RA\u00c7A PARDA": 1180,
    "25-29 ANOS, RA\u00c7A PARDA": 1014,
    "15-19 ANOS, RA\u00c7A IND\u00cdGENA": 0,
    "20-24 ANOS, RA\u00c7A IND\u00cdGENA": 0,
    "25-29 ANOS, RA\u00c7A IND\u00cdGENA": 0,
    "15-19 ANOS, RA\u00c7A AMARELA": 0,
    "20-24 ANOS, RA\u00c7A AMARELA": 0,
    "25-29 ANOS, RA\u00c7A AMARELA": 0,
    "15 A 19 ANOS, ALFABETIZADAS": 1472,
    "20 A 24 ANOS, ALFABETIZADAS": 1357,
    "25 A 29 ANOS, ALFABETIZADAS": 1128,
    "total_jovens": 4062,
    "total_jovens_alfabetizados": 3957,
    "taxa_alfabetizacao_jovens": 97.41506646971935,
    "total_jovens_branca": 486,
    "total_jovens_preta": 67,
    "total_jovens_parda": 3453,
    "total_jovens_indigena": 0,
    "total_jovens_amarela": 0,
    "N_PESSOAS": 13469,
    "renda_media_final": 1211.7818160219765,
    "vul_score_final": 0.5108298927781368
  },
  "15-19": {
    "NM_MUN_demanda": "CAAPIRANGA",
    "15-19 ANOS": 1508,
    "15-19 ANOS, RA\u00c7A BRANCA": 198,
    "15-19 ANOS, RA\u00c7A PRETA": 27,
    "15-19 ANOS, RA\u00c7A PARDA": 1259,
    "15-19 ANOS, RA\u00c7A IND\u00cdGENA": 0,
    "15-19 ANOS, RA\u00c7A AMARELA": 0,
    "15 A 19 ANOS, ALFABETIZADAS": 1472,
    "total_jovens": 1508,
    "total_jovens_alfabetizados": 1472,
    "taxa_alfabetizacao_jovens": 97.61273209549071,
    "total_jovens_branca": 198,
    "total_jovens_preta": 27,
    "total_jovens_parda": 1259,
    "total_jovens_indigena": 0,
    "total_jovens_amarela": 0,
    "N_PESSOAS": 13469,
    "renda_media_final": 1211.7818160219765,
    "vul_score_final": 0.5108298927781368
  },
  "20-24": {
    "NM_MUN_demanda": "CAAPIRANGA",
    "20-24 ANOS": 1384,
    "20-24 ANOS, RA\u00c7A BRANCA": 170,
    "20-24 ANOS, RA\u00c7A PRETA": 14,
    "20-24 ANOS, RA\u00c7A PARDA": 1180,
    "20-24 ANOS, RA\u00c7A IND\u00cdGENA": 0,
    "20-24 ANOS, RA\u00c7A AMARELA": 0,
    "20 A 24 ANOS, ALFABETIZADAS": 1357,
    "total_jovens": 1384,
    "total_jovens_alfabetizados": 1357,
    "taxa_alfabetizacao_jovens": 98.04913294797689,
    "total_jovens_branca": 170,
    "total_jovens_preta": 14,
    "total_jovens_parda": 1180,
    "total_jovens_indigena": 0,
    "total_jovens_amarela": 0,
    "N_PESSOAS": 13469,
    "renda_media_final": 1211.7818160219765,
    "vul_score_final": 0.5108298927781368
  },
  "25-29": {
    "NM_MUN_demanda": "CAAPIRANGA",
    "25-29 ANOS": 1170,
    "25-29 ANOS, RA\u00c7A BRANCA": 118,
    "25-29 ANOS, RA\u00c7A PRETA": 26,
    "25-29 ANOS, RA\u00c7A PARDA": 1014,
    "25-29 ANOS, RA\u00c7A IND\u00cdGENA": 0,
    "25-29 ANOS, RA\u00c7A AMARELA": 0,
    "25 A 29 ANOS, ALFABETIZADAS": 1128,
    "total_jovens": 1170,
    "total_jovens_alfabetizados": 1128,
    "taxa_alfabetizacao_jovens": 96.41025641025641,
    "total_jovens_branca": 118,
    "total_jovens_preta": 26,
    "total_jovens_parda": 1014,
    "total_jovens_indigena": 0,
    "total_jovens_amarela": 0,
    "N_PESSOAS": 13469,
    "renda_media_final": 1211.7818160219765,
    "vul_score_final": 0.5108298927781368
  }
}