{
  "geral": {
    "NM_MUN_demanda": "CANUTAMA",
    "15-19 ANOS": 1626,
    "20-24 ANOS": 1484,
    "25-29 ANOS": 1363,
    "15-19 ANOS, RA\u00c7A BRANCA": 319,
    "20-24 ANOS, RA\u00c7A BRANCA": 269,
    "25-29 ANOS, RA\u00c7A BRANCA": 199,
    "15-19 ANOS, RA\u00c7A PRETA": 22,
    "20-24 ANOS, RA\u00c7A PRETA": 44,
    "25-29 ANOS, RA\u00c7A PRETA": 35,
    "15-19 ANOS, RA\u00c7A PARDA": 1147,
    "20-24 ANOS, RA\u00c7A PARDA": 1037,
    "25-29 ANOS, RA\u00c7A PARDA": 988,
    "15-19 ANOS, RA\u00c7A IND\u00cdGENA": 94,
    "20-24 ANOS, RA\u00c7A IND\u00cdGENA": 99,
    "25-29 ANOS, RA\u00c7A IND\u00cdGENA": 99,
    "15-19 ANOS, RA\u00c7A AMARELA": 0,
    "20-24 ANOS, RA\u00c7A AMARELA": 0,
    "25-29 ANOS, RA\u00c7A AMARELA": 0,
    "15 A 19 ANOS, ALFABETIZADAS": 1532,
    "20 A 24 ANOS, ALFABETIZADAS": 1380,
    "25 A 29 ANOS, ALFABETIZADAS": 1246,
    "total_jovens": 4473,
    "total_jovens_alfabetizados": 4158,
    "taxa_alfabetizacao_jovens": 92.95774647887323,
    "total_jovens_branca": 787,
    "total_jovens_preta": 101,
    "total_jovens_parda": 3172,
    "total_jovens_indigena": 292,
    "total_jovens_amarela": 0,
    "N_PESSOAS": 16869,
    "renda_media_final": 1218.9365682613077,
    "vul_score_final": 0.5501747528405706
  },
  "15-19": {
    "NM_MUN_demanda": "CANUTAMA",
    "15-19 ANOS": 1626,
    "15-19 ANOS, RA\u00c7A BRANCA": 319,
    "15-19 ANOS, RA\u00c7A PRETA": 22,
    "15-19 ANOS, RA\u00c7A PARDA": 1147,
    "15-19 ANOS, RA\u00c7A IND\u00cdGENA": 94,
    "15-19 ANOS, RA\u00c7A AMARELA": 0,
    "15 A 19 ANOS, ALFABETIZADAS": 1532,
    "total_jovens": 1626,
    "total_jovens_alfabetizados": 1532,
    "taxa_alfabetizacao_jovens": 94.2189421894219,
    "total_jovens_branca": 319,
    "total_jovens_preta": 22,
    "total_jovens_parda": 1147,
    "total_jovens_indigena": 94,
    "total_jovens_amarela": 0,
    "N_PESSOAS": 16869,
    "renda_media_final": 1218.9365682613077,
    "vul_score_final": 0.5501747528405706
  },
  "20-24": {
    "NM_MUN_demanda": "CANUTAMA",
    "20-24 ANOS": 1484,
    "20-24 ANOS, RA\u00c7A BRANCA": 269,
    "20-24 ANOS, RA\u00c7A PRETA": 44,
    "20-24 ANOS, RA\u00c7A PARDA": 1037,
    "20-24 ANOS, RA\u00c7A IND\u00cdGENA": 99,
    "20-24 ANOS, RA\u00c7A AMARELA": 0,
    "20 A 24 ANOS, ALFABETIZADAS": 1380,
    "total_jovens": 1484,
    "total_jovens_alfabetizados": 1380,
    "taxa_alfabetizacao_jovens": 92.99191374663073,
    "total_jovens_branca": 269,
    "total_jovens_preta": 44,
    "total_jovens_parda": 1037,
    "total_jovens_indigena": 99,
    "total_jovens_amarela": 0,
    "N_PESSOAS": 16869,
    "renda_media_final": 1218.9365682613077,
    "vul_score_final": 0.5501747528405706
  },
  "25-29": {
    "NM_MUN_demanda": "CANUTAMA",
    "25-29 ANOS": 1363,
    "25-29 ANOS, RA\u00c7A BRANCA": 199,
    "25-29 ANOS, RA\u00c7A PRETA": 35,
    "25-29 ANOS, RA\u00c7A PARDA": 988,
    "25-29 ANOS, RA\u00c7A IND\u00cdGENA": 99,
    "25-29 ANOS, RA\u00c7A AMARELA": 0,
    "25 A 29 ANOS, ALFABETIZADAS": 1246,
    "total_jovens": 1363,
    "total_jovens_alfabetizados": 1246,
    "taxa_alfabetizacao_jovens": 91.41599413059429,
    "total_jovens_branca": 199,
    "total_jovens_preta": 35,
    "total_jovens_parda": 988,
    "total_jovens_indigena": 99,
    "total_jovens_amarela": 0,
    "N_PESSOAS": 16869,
    "renda_media_final": 1218.9365682613077,
    "vul_score_final": 0.5501747528405706
  }
}