{
  "geral": {
    "NM_MUN_demanda": "CARAUARI",
    "15-19 ANOS": 3199,
    "20-24 ANOS": 2767,
    "25-29 ANOS": 2523,
    "15-19 ANOS, RA\u00c7A BRANCA": 583,
    "20-24 ANOS, RA\u00c7A BRANCA": 501,
    "25-29 ANOS, RA\u00c7A BRANCA": 396,
    "15-19 ANOS, RA\u00c7A PRETA": 143,
    "20-24 ANOS, RA\u00c7A PRETA": 151,
    "25-29 ANOS, RA\u00c7A PRETA": 175,
    "15-19 ANOS, RA\u00c7A PARDA": 2398,
    "20-24 ANOS, RA\u00c7A PARDA": 2042,
    "25-29 ANOS, RA\u00c7A PARDA": 1881,
    "15-19 ANOS, RA\u00c7A IND\u00cdGENA": 36,
    "20-24 ANOS, RA\u00c7A IND\u00cdGENA": 25,
    "25-29 ANOS, RA\u00c7A IND\u00cdGENA": 19,
    "15-19 ANOS, RA\u00c7A AMARELA": 0,
    "20-24 ANOS, RA\u00c7A AMARELA": 0,
    "25-29 ANOS, RA\u00c7A AMARELA": 0,
    "15 A 19 ANOS, ALFABETIZADAS": 3130,
    "20 A 24 ANOS, ALFABETIZADAS": 2659,
    "25 A 29 ANOS, ALFABETIZADAS": 2397,
    "total_jovens": 8489,
    "total_jovens_alfabetizados": 8186,
    "taxa_alfabetizacao_jovens": 96.43067499116503,
    "total_jovens_branca": 1480,
    "total_jovens_preta": 469,
    "total_jovens_parda": 6321,
    "total_jovens_indigena": 80,
    "total_jovens_amarela": 0,
    "N_PESSOAS": 28742,
    "renda_media_final": 1311.7763405469348,
    "vul_score_final": 0.6049896893550439
  },
  "15-19": {
    "NM_MUN_demanda": "CARAUARI",
    "15-19 ANOS": 3199,
    "15-19 ANOS, RA\u00c7A BRANCA": 583,
    "15-19 ANOS, RA\u00c7A PRETA": 143,
    "15-19 ANOS, RA\u00c7A PARDA": 2398,
    "15-19 ANOS, RA\u00c7A IND\u00cdGENA": 36,
    "15-19 ANOS, RA\u00c7A AMARELA": 0,
    "15 A 19 ANOS, ALFABETIZADAS": 3130,
    "total_jovens": 3199,
    "total_jovens_alfabetizados": 3130,
    "taxa_alfabetizacao_jovens": 97.84307596123789,
    "total_jovens_branca": 583,
    "total_jovens_preta": 143,
    "total_jovens_parda": 2398,
    "total_jovens_indigena": 36,
    "total_jovens_amarela": 0,
    "N_PESSOAS": 28742,
    "renda_media_final": 1311.7763405469348,
    "vul_score_final": 0.6049896893550439
  },
  "20-24": {
    "NM_MUN_demanda": "CARAUARI",
    "20-24 ANOS": 2767,
    "20-24 ANOS, RA\u00c7A BRANCA": 501,
    "20-24 ANOS, RA\u00c7A PRETA": 151,
    "20-24 ANOS, RA\u00c7A PARDA": 2042,
    "20-24 ANOS, RA\u00c7A IND\u00cdGENA": 25,
    "20-24 ANOS, RA\u00c7A AMARELA": 0,
    "20 A 24 ANOS, ALFABETIZADAS": 2659,
    "total_jovens": 2767,
    "total_jovens_alfabetizados": 2659,
    "taxa_alfabetizacao_jovens": 96.09685580050596,
    "total_jovens_branca": 501,
    "total_jovens_preta": 151,
    "total_jovens_parda": 2042,
    "total_jovens_indigena": 25,
    "total_jovens_amarela": 0,
    "N_PESSOAS": 28742,
    "renda_media_final": 1311.7763405469348,
    "vul_score_final": 0.6049896893550439
  },
  "25-29": {
    "NM_MUN_demanda": "CARAUARI",
    "25-29 ANOS": 2523,
    "25-29 ANOS, RA\u00c7A BRANCA": 396,
    "25-29 ANOS, RA\u00c7A PRETA": 175,
    "25-29 ANOS, RA\u00c7A PARDA": 1881,
    "25-29 ANOS, RA\u00c7A IND\u00cdGENA": 19,
    "25-29 ANOS, RA\u00c7A AMARELA": 0,
    "25 A 29 ANOS, ALFABETIZADAS": 2397,
    "total_jovens": 2523,
    "total_jovens_alfabetizados": 2397,
    "taxa_alfabetizacao_jovens": 95.00594530321045,
    "total_jovens_branca": 396,
    "total_jovens_preta": 175,
    "total_jovens_parda": 1881,
    "total_jovens_indigena": 19,
    "total_jovens_amarela": 0,
    "N_PESSOAS": 28742,
    "renda_media_final": 1311.7763405469348,
    "vul_score_final": 0.6049896893550439
  }
}