{
  "geral": {
    "NM_MUN_demanda": "CAREIRO DA V\u00c1RZEA",
    "15-19 ANOS": 1855,
    "20-24 ANOS": 1469,
    "25-29 ANOS": 1398,
    "15-19 ANOS, RA\u00c7A BRANCA": 249,
    "20-24 ANOS, RA\u00c7A BRANCA": 186,
    "25-29 ANOS, RA\u00c7A BRANCA": 155,
    "15-19 ANOS, RA\u00c7A PRETA": 52,
    "20-24 ANOS, RA\u00c7A PRETA": 29,
    "25-29 ANOS, RA\u00c7A PRETA": 36,
    "15-19 ANOS, RA\u00c7A PARDA": 1367,
    "20-24 ANOS, RA\u00c7A PARDA": 1085,
    "25-29 ANOS, RA\u00c7A PARDA": 1050,
    "15-19 ANOS, RA\u00c7A IND\u00cdGENA": 116,
    "20-24 ANOS, RA\u00c7A IND\u00cdGENA": 83,
    "25-29 ANOS, RA\u00c7A IND\u00cdGENA": 66,
    "15-19 ANOS, RA\u00c7A AMARELA": 0,
    "20-24 ANOS, RA\u00c7A AMARELA": 0,
    "25-29 ANOS, RA\u00c7A AMARELA": 0,
    "15 A 19 ANOS, ALFABETIZADAS": 1822,
    "20 A 24 ANOS, ALFABETIZADAS": 1438,
    "25 A 29 ANOS, ALFABETIZADAS": 1362,
    "total_jovens": 4722,
    "total_jovens_alfabetizados": 4622,
    "taxa_alfabetizacao_jovens": 97.88225328250742,
    "total_jovens_branca": 590,
    "total_jovens_preta": 117,
    "total_jovens_parda": 3502,
    "total_jovens_indigena": 265,
    "total_jovens_amarela": 0,
    "N_PESSOAS": 19637,
    "renda_media_final": 1198.785382695931,
    "vul_score_final": 0.49841610955843835
  },
  "15-19": {
    "NM_MUN_demanda": "CAREIRO DA V\u00c1RZEA",
    "15-19 ANOS": 1855,
    "15-19 ANOS, RA\u00c7A BRANCA": 249,
    "15-19 ANOS, RA\u00c7A PRETA": 52,
    "15-19 ANOS, RA\u00c7A PARDA": 1367,
    "15-19 ANOS, RA\u00c7A IND\u00cdGENA": 116,
    "15-19 ANOS, RA\u00c7A AMARELA": 0,
    "15 A 19 ANOS, ALFABETIZADAS": 1822,
    "total_jovens": 1855,
    "total_jovens_alfabetizados": 1822,
    "taxa_alfabetizacao_jovens": 98.22102425876011,
    "total_jovens_branca": 249,
    "total_jovens_preta": 52,
    "total_jovens_parda": 1367,
    "total_jovens_indigena": 116,
    "total_jovens_amarela": 0,
    "N_PESSOAS": 19637,
    "renda_media_final": 1198.785382695931,
    "vul_score_final": 0.49841610955843835
  },
  "20-24": {
    "NM_MUN_demanda": "CAREIRO DA V\u00c1RZEA",
    "20-24 ANOS": 1469,
    "20-24 ANOS, RA\u00c7A BRANCA": 186,
    "20-24 ANOS, RA\u00c7A PRETA": 29,
    "20-24 ANOS, RA\u00c7A PARDA": 1085,
    "20-24 ANOS, RA\u00c7A IND\u00cdGENA": 83,
    "20-24 ANOS, RA\u00c7A AMARELA": 0,
    "20 A 24 ANOS, ALFABETIZADAS": 1438,
    "total_jovens": 1469,
    "total_jovens_alfabetizados": 1438,
    "taxa_alfabetizacao_jovens": 97.88972089857046,
    "total_jovens_branca": 186,
    "total_jovens_preta": 29,
    "total_jovens_parda": 1085,
    "total_jovens_indigena": 83,
    "total_jovens_amarela": 0,
    "N_PESSOAS": 19637,
    "renda_media_final": 1198.785382695931,
    "vul_score_final": 0.49841610955843835
  },
  "25-29": {
    "NM_MUN_demanda": "CAREIRO DA V\u00c1RZEA",
    "25-29 ANOS": 1398,
    "25-29 ANOS, RA\u00c7A BRANCA": 155,
    "25-29 ANOS, RA\u00c7A PRETA": 36,
    "25-29 ANOS, RA\u00c7A PARDA": 1050,
    "25-29 ANOS, RA\u00c7A IND\u00cdGENA": 66,
    "25-29 ANOS, RA\u00c7A AMARELA": 0,
    "25 A 29 ANOS, ALFABETIZADAS": 1362,
    "total_jovens": 1398,
    "total_jovens_alfabetizados": 1362,
    "taxa_alfabetizacao_jovens": 97.42489270386267,
    "total_jovens_branca": 155,
    "total_jovens_preta": 36,
    "total_jovens_parda": 1050,
    "total_jovens_indigena": 66,
    "total_jovens_amarela": 0,
    "N_PESSOAS": 19637,
    "renda_media_final": 1198.785382695931,
    "vul_score_final": 0.49841610955843835
  }
}