{
  "geral": {
    "NM_MUN_demanda": "CAREIRO",
    "15-19 ANOS": 2876,
    "20-24 ANOS": 2294,
    "25-29 ANOS": 2130,
    "15-19 ANOS, RA\u00c7A BRANCA": 507,
    "20-24 ANOS, RA\u00c7A BRANCA": 356,
    "25-29 ANOS, RA\u00c7A BRANCA": 321,
    "15-19 ANOS, RA\u00c7A PRETA": 53,
    "20-24 ANOS, RA\u00c7A PRETA": 59,
    "25-29 ANOS, RA\u00c7A PRETA": 61,
    "15-19 ANOS, RA\u00c7A PARDA": 2141,
    "20-24 ANOS, RA\u00c7A PARDA": 1693,
    "25-29 ANOS, RA\u00c7A PARDA": 1571,
    "15-19 ANOS, RA\u00c7A IND\u00cdGENA": 48,
    "20-24 ANOS, RA\u00c7A IND\u00cdGENA": 35,
    "25-29 ANOS, RA\u00c7A IND\u00cdGENA": 36,
    "15-19 ANOS, RA\u00c7A AMARELA": 0,
    "20-24 ANOS, RA\u00c7A AMARELA": 0,
    "25-29 ANOS, RA\u00c7A AMARELA": 0,
    "15 A 19 ANOS, ALFABETIZADAS": 2811,
    "20 A 24 ANOS, ALFABETIZADAS": 2224,
    "25 A 29 ANOS, ALFABETIZADAS": 2038,
    "total_jovens": 7300,
    "total_jovens_alfabetizados": 7073,
    "taxa_alfabetizacao_jovens": 96.8904109589041,
    "total_jovens_branca": 1184,
    "total_jovens_preta": 173,
    "total_jovens_parda": 5405,
    "total_jovens_indigena": 119,
    "total_jovens_amarela": 0,
    "N_PESSOAS": 30792,
    "renda_media_final": 1350.2395625487138,
    "vul_score_final": 0.5098751841463862
  },
  "15-19": {
    "NM_MUN_demanda": "CAREIRO",
    "15-19 ANOS": 2876,
    "15-19 ANOS, RA\u00c7A BRANCA": 507,
    "15-19 ANOS, RA\u00c7A PRETA": 53,
    "15-19 ANOS, RA\u00c7A PARDA": 2141,
    "15-19 ANOS, RA\u00c7A IND\u00cdGENA": 48,
    "15-19 ANOS, RA\u00c7A AMARELA": 0,
    "15 A 19 ANOS, ALFABETIZADAS": 2811,
    "total_jovens": 2876,
    "total_jovens_alfabetizados": 2811,
    "taxa_alfabetizacao_jovens": 97.73991655076495,
    "total_jovens_branca": 507,
    "total_jovens_preta": 53,
    "total_jovens_parda": 2141,
    "total_jovens_indigena": 48,
    "total_jovens_amarela": 0,
    "N_PESSOAS": 30792,
    "renda_media_final": 1350.2395625487138,
    "vul_score_final": 0.5098751841463862
  },
  "20-24": {
    "NM_MUN_demanda": "CAREIRO",
    "20-24 ANOS": 2294,
    "20-24 ANOS, RA\u00c7A BRANCA": 356,
    "20-24 ANOS, RA\u00c7A PRETA": 59,
    "20-24 ANOS, RA\u00c7A PARDA": 1693,
    "20-24 ANOS, RA\u00c7A IND\u00cdGENA": 35,
    "20-24 ANOS, RA\u00c7A AMARELA": 0,
    "20 A 24 ANOS, ALFABETIZADAS": 2224,
    "total_jovens": 2294,
    "total_jovens_alfabetizados": 2224,
    "taxa_alfabetizacao_jovens": 96.9485614646905,
    "total_jovens_branca": 356,
    "total_jovens_preta": 59,
    "total_jovens_parda": 1693,
    "total_jovens_indigena": 35,
    "total_jovens_amarela": 0,
    "N_PESSOAS": 30792,
    "renda_media_final": 1350.2395625487138,
    "vul_score_final": 0.5098751841463862
  },
  "25-29": {
    "NM_MUN_demanda": "CAREIRO",
    "25-29 ANOS": 2130,
    "25-29 ANOS, RA\u00c7A BRANCA": 321,
    "25-29 ANOS, RA\u00c7A PRETA": 61,
    "25-29 ANOS, RA\u00c7A PARDA": 1571,
    "25-29 ANOS, RA\u00c7A IND\u00cdGENA": 36,
    "25-29 ANOS, RA\u00c7A AMARELA": 0,
    "25 A 29 ANOS, ALFABETIZADAS": 2038,
    "total_jovens": 2130,
    "total_jovens_alfabetizados": 2038,
    "taxa_alfabetizacao_jovens": 95.68075117370893,
    "total_jovens_branca": 321,
    "total_jovens_preta": 61,
    "total_jovens_parda": 1571,
    "total_jovens_indigena": 36,
    "total_jovens_amarela": 0,
    "N_PESSOAS": 30792,
    "renda_media_final": 1350.2395625487138,
    "vul_score_final": 0.5098751841463862
  }
}