{
  "geral": {
    "NM_MUN_demanda": "COARI",
    "15-19 ANOS": 7666,
    "20-24 ANOS": 6768,
    "25-29 ANOS": 5650,
    "15-19 ANOS, RA\u00c7A BRANCA": 1038,
    "20-24 ANOS, RA\u00c7A BRANCA": 798,
    "25-29 ANOS, RA\u00c7A BRANCA": 548,
    "15-19 ANOS, RA\u00c7A PRETA": 341,
    "20-24 ANOS, RA\u00c7A PRETA": 328,
    "25-29 ANOS, RA\u00c7A PRETA": 262,
    "15-19 ANOS, RA\u00c7A PARDA": 5697,
    "20-24 ANOS, RA\u00c7A PARDA": 5139,
    "25-29 ANOS, RA\u00c7A PARDA": 4378,
    "15-19 ANOS, RA\u00c7A IND\u00cdGENA": 417,
    "20-24 ANOS, RA\u00c7A IND\u00cdGENA": 348,
    "25-29 ANOS, RA\u00c7A IND\u00cdGENA": 283,
    "15-19 ANOS, RA\u00c7A AMARELA": 0,
    "20-24 ANOS, RA\u00c7A AMARELA": 3,
    "25-29 ANOS, RA\u00c7A AMARELA": 3,
    "15 A 19 ANOS, ALFABETIZADAS": 7439,
    "20 A 24 ANOS, ALFABETIZADAS": 6521,
    "25 A 29 ANOS, ALFABETIZADAS": 5453,
    "total_jovens": 20084,
    "total_jovens_alfabetizados": 19413,
    "taxa_alfabetizacao_jovens": 96.65903206532563,
    "total_jovens_branca": 2384,
    "total_jovens_preta": 931,
    "total_jovens_parda": 15214,
    "total_jovens_indigena": 1048,
    "total_jovens_amarela": 6,
    "N_PESSOAS": 70616,
    "renda_media_final": 1839.9961222669083,
    "vul_score_final": 0.5789199127490565
  },
  "15-19": {
    "NM_MUN_demanda": "COARI",
    "15-19 ANOS": 7666,
    "15-19 ANOS, RA\u00c7A BRANCA": 1038,
    "15-19 ANOS, RA\u00c7A PRETA": 341,
    "15-19 ANOS, RA\u00c7A PARDA": 5697,
    "15-19 ANOS, RA\u00c7A IND\u00cdGENA": 417,
    "15-19 ANOS, RA\u00c7A AMARELA": 0,
    "15 A 19 ANOS, ALFABETIZADAS": 7439,
    "total_jovens": 7666,
    "total_jovens_alfabetizados": 7439,
    "taxa_alfabetizacao_jovens": 97.03887294547351,
    "total_jovens_branca": 1038,
    "total_jovens_preta": 341,
    "total_jovens_parda": 5697,
    "total_jovens_indigena": 417,
    "total_jovens_amarela": 0,
    "N_PESSOAS": 70616,
    "renda_media_final": 1839.9961222669083,
    "vul_score_final": 0.5789199127490565
  },
  "20-24": {
    "NM_MUN_demanda": "COARI",
    "20-24 ANOS": 6768,
    "20-24 ANOS, RA\u00c7A BRANCA": 798,
    "20-24 ANOS, RA\u00c7A PRETA": 328,
    "20-24 ANOS, RA\u00c7A PARDA": 5139,
    "20-24 ANOS, RA\u00c7A IND\u00cdGENA": 348,
    "20-24 ANOS, RA\u00c7A AMARELA": 3,
    "20 A 24 ANOS, ALFABETIZADAS": 6521,
    "total_jovens": 6768,
    "total_jovens_alfabetizados": 6521,
    "taxa_alfabetizacao_jovens": 96.35047281323878,
    "total_jovens_branca": 798,
    "total_jovens_preta": 328,
    "total_jovens_parda": 5139,
    "total_jovens_indigena": 348,
    "total_jovens_amarela": 3,
    "N_PESSOAS": 70616,
    "renda_media_final": 1839.9961222669083,
    "vul_score_final": 0.5789199127490565
  },
  "25-29": {
    "NM_MUN_demanda": "COARI",
    "25-29 ANOS": 5650,
    "25-29 ANOS, RA\u00c7A BRANCA": 548,
    "25-29 ANOS, RA\u00c7A PRETA": 262,
    "25-29 ANOS, RA\u00c7A PARDA": 4378,
    "25-29 ANOS, RA\u00c7A IND\u00cdGENA": 283,
    "25-29 ANOS, RA\u00c7A AMARELA": 3,
    "25 A 29 ANOS, ALFABETIZADAS": 5453,
    "total_jovens": 5650,
    "total_jovens_alfabetizados": 5453,
    "taxa_alfabetizacao_jovens": 96.51327433628319,
    "total_jovens_branca": 548,
    "total_jovens_preta": 262,
    "total_jovens_parda": 4378,
    "total_jovens_indigena": 283,
    "total_jovens_amarela": 3,
    "N_PESSOAS": 70616,
    "renda_media_final": 1839.9961222669083,
    "vul_score_final": 0.5789199127490565
  }
}