{
  "geral": {
    "NM_MUN_demanda": "CODAJ\u00c1S",
    "15-19 ANOS": 2626,
    "20-24 ANOS": 2173,
    "25-29 ANOS": 1845,
    "15-19 ANOS, RA\u00c7A BRANCA": 357,
    "20-24 ANOS, RA\u00c7A BRANCA": 293,
    "25-29 ANOS, RA\u00c7A BRANCA": 215,
    "15-19 ANOS, RA\u00c7A PRETA": 78,
    "20-24 ANOS, RA\u00c7A PRETA": 80,
    "25-29 ANOS, RA\u00c7A PRETA": 47,
    "15-19 ANOS, RA\u00c7A PARDA": 2169,
    "20-24 ANOS, RA\u00c7A PARDA": 1762,
    "25-29 ANOS, RA\u00c7A PARDA": 1554,
    "15-19 ANOS, RA\u00c7A IND\u00cdGENA": 0,
    "20-24 ANOS, RA\u00c7A IND\u00cdGENA": 0,
    "25-29 ANOS, RA\u00c7A IND\u00cdGENA": 0,
    "15-19 ANOS, RA\u00c7A AMARELA": 0,
    "20-24 ANOS, RA\u00c7A AMARELA": 0,
    "25-29 ANOS, RA\u00c7A AMARELA": 0,
    "15 A 19 ANOS, ALFABETIZADAS": 2558,
    "20 A 24 ANOS, ALFABETIZADAS": 2114,
    "25 A 29 ANOS, ALFABETIZADAS": 1763,
    "total_jovens": 6644,
    "total_jovens_alfabetizados": 6435,
    "taxa_alfabetizacao_jovens": 96.8543046357616,
    "total_jovens_branca": 865,
    "total_jovens_preta": 205,
    "total_jovens_parda": 5485,
    "total_jovens_indigena": 0,
    "total_jovens_amarela": 0,
    "N_PESSOAS": 23549,
    "renda_media_final": 1319.0418230073465,
    "vul_score_final": 0.5589604590019565
  },
  "15-19": {
    "NM_MUN_demanda": "CODAJ\u00c1S",
    "15-19 ANOS": 2626,
    "15-19 ANOS, RA\u00c7A BRANCA": 357,
    "15-19 ANOS, RA\u00c7A PRETA": 78,
    "15-19 ANOS, RA\u00c7A PARDA": 2169,
    "15-19 ANOS, RA\u00c7A IND\u00cdGENA": 0,
    "15-19 ANOS, RA\u00c7A AMARELA": 0,
    "15 A 19 ANOS, ALFABETIZADAS": 2558,
    "total_jovens": 2626,
    "total_jovens_alfabetizados": 2558,
    "taxa_alfabetizacao_jovens": 97.41051028179741,
    "total_jovens_branca": 357,
    "total_jovens_preta": 78,
    "total_jovens_parda": 2169,
    "total_jovens_indigena": 0,
    "total_jovens_amarela": 0,
    "N_PESSOAS": 23549,
    "renda_media_final": 1319.0418230073465,
    "vul_score_final": 0.5589604590019565
  },
  "20-24": {
    "NM_MUN_demanda": "CODAJ\u00c1S",
    "20-24 ANOS": 2173,
    "20-24 ANOS, RA\u00c7A BRANCA": 293,
    "20-24 ANOS, RA\u00c7A PRETA": 80,
    "20-24 ANOS, RA\u00c7A PARDA": 1762,
    "20-24 ANOS, RA\u00c7A IND\u00cdGENA": 0,
    "20-24 ANOS, RA\u00c7A AMARELA": 0,
    "20 A 24 ANOS, ALFABETIZADAS": 2114,
    "total_jovens": 2173,
    "total_jovens_alfabetizados": 2114,
    "taxa_alfabetizacao_jovens": 97.28485964104924,
    "total_jovens_branca": 293,
    "total_jovens_preta": 80,
    "total_jovens_parda": 1762,
    "total_jovens_indigena": 0,
    "total_jovens_amarela": 0,
    "N_PESSOAS": 23549,
    "renda_media_final": 1319.0418230073465,
    "vul_score_final": 0.5589604590019565
  },
  "25-29": {
    "NM_MUN_demanda": "CODAJ\u00c1S",
    "25-29 ANOS": 1845,
    "25-29 ANOS, RA\u00c7A BRANCA": 215,
    "25-29 ANOS, RA\u00c7A PRETA": 47,
    "25-29 ANOS, RA\u00c7A PARDA": 1554,
    "25-29 ANOS, RA\u00c7A IND\u00cdGENA": 0,
    "25-29 ANOS, RA\u00c7A AMARELA": 0,
    "25 A 29 ANOS, ALFABETIZADAS": 1763,
    "total_jovens": 1845,
    "total_jovens_alfabetizados": 1763,
    "taxa_alfabetizacao_jovens": 95.55555555555556,
    "total_jovens_branca": 215,
    "total_jovens_preta": 47,
    "total_jovens_parda": 1554,
    "total_jovens_indigena": 0,
    "total_jovens_amarela": 0,
    "N_PESSOAS": 23549,
    "renda_media_final": 1319.0418230073465,
    "vul_score_final": 0.5589604590019565
  }
}