{
  "geral": {
    "NM_MUN_demanda": "EIRUNEP\u00c9",
    "15-19 ANOS": 3798,
    "20-24 ANOS": 2947,
    "25-29 ANOS": 2606,
    "15-19 ANOS, RA\u00c7A BRANCA": 758,
    "20-24 ANOS, RA\u00c7A BRANCA": 587,
    "25-29 ANOS, RA\u00c7A BRANCA": 427,
    "15-19 ANOS, RA\u00c7A PRETA": 222,
    "20-24 ANOS, RA\u00c7A PRETA": 145,
    "25-29 ANOS, RA\u00c7A PRETA": 173,
    "15-19 ANOS, RA\u00c7A PARDA": 2611,
    "20-24 ANOS, RA\u00c7A PARDA": 2039,
    "25-29 ANOS, RA\u00c7A PARDA": 1843,
    "15-19 ANOS, RA\u00c7A IND\u00cdGENA": 146,
    "20-24 ANOS, RA\u00c7A IND\u00cdGENA": 108,
    "25-29 ANOS, RA\u00c7A IND\u00cdGENA": 111,
    "15-19 ANOS, RA\u00c7A AMARELA": 0,
    "20-24 ANOS, RA\u00c7A AMARELA": 0,
    "25-29 ANOS, RA\u00c7A AMARELA": 0,
    "15 A 19 ANOS, ALFABETIZADAS": 3391,
    "20 A 24 ANOS, ALFABETIZADAS": 2589,
    "25 A 29 ANOS, ALFABETIZADAS": 2284,
    "total_jovens": 9351,
    "total_jovens_alfabetizados": 8264,
    "taxa_alfabetizacao_jovens": 88.37557480483372,
    "total_jovens_branca": 1772,
    "total_jovens_preta": 540,
    "total_jovens_parda": 6493,
    "total_jovens_indigena": 365,
    "total_jovens_amarela": 0,
    "N_PESSOAS": 33170,
    "renda_media_final": 1364.334786554115,
    "vul_score_final": 0.6167163613926724
  },
  "15-19": {
    "NM_MUN_demanda": "EIRUNEP\u00c9",
    "15-19 ANOS": 3798,
    "15-19 ANOS, RA\u00c7A BRANCA": 758,
    "15-19 ANOS, RA\u00c7A PRETA": 222,
    "15-19 ANOS, RA\u00c7A PARDA": 2611,
    "15-19 ANOS, RA\u00c7A IND\u00cdGENA": 146,
    "15-19 ANOS, RA\u00c7A AMARELA": 0,
    "15 A 19 ANOS, ALFABETIZADAS": 3391,
    "total_jovens": 3798,
    "total_jovens_alfabetizados": 3391,
    "taxa_alfabetizacao_jovens": 89.2838335966298,
    "total_jovens_branca": 758,
    "total_jovens_preta": 222,
    "total_jovens_parda": 2611,
    "total_jovens_indigena": 146,
    "total_jovens_amarela": 0,
    "N_PESSOAS": 33170,
    "renda_media_final": 1364.334786554115,
    "vul_score_final": 0.6167163613926724
  },
  "20-24": {
    "NM_MUN_demanda": "EIRUNEP\u00c9",
    "20-24 ANOS": 2947,
    "20-24 ANOS, RA\u00c7A BRANCA": 587,
    "20-24 ANOS, RA\u00c7A PRETA": 145,
    "20-24 ANOS, RA\u00c7A PARDA": 2039,
    "20-24 ANOS, RA\u00c7A IND\u00cdGENA": 108,
    "20-24 ANOS, RA\u00c7A AMARELA": 0,
    "20 A 24 ANOS, ALFABETIZADAS": 2589,
    "total_jovens": 2947,
    "total_jovens_alfabetizados": 2589,
    "taxa_alfabetizacao_jovens": 87.85205293518833,
    "total_jovens_branca": 587,
    "total_jovens_preta": 145,
    "total_jovens_parda": 2039,
    "total_jovens_indigena": 108,
    "total_jovens_amarela": 0,
    "N_PESSOAS": 33170,
    "renda_media_final": 1364.334786554115,
    "vul_score_final": 0.6167163613926724
  },
  "25-29": {
    "NM_MUN_demanda": "EIRUNEP\u00c9",
    "25-29 ANOS": 2606,
    "25-29 ANOS, RA\u00c7A BRANCA": 427,
    "25-29 ANOS, RA\u00c7A PRETA": 173,
    "25-29 ANOS, RA\u00c7A PARDA": 1843,
    "25-29 ANOS, RA\u00c7A IND\u00cdGENA": 111,
    "25-29 ANOS, RA\u00c7A AMARELA": 0,
    "25 A 29 ANOS, ALFABETIZADAS": 2284,
    "total_jovens": 2606,
    "total_jovens_alfabetizados": 2284,
    "taxa_alfabetizacao_jovens": 87.6438986953185,
    "total_jovens_branca": 427,
    "total_jovens_preta": 173,
    "total_jovens_parda": 1843,
    "total_jovens_indigena": 111,
    "total_jovens_amarela": 0,
    "N_PESSOAS": 33170,
    "renda_media_final": 1364.334786554115,
    "vul_score_final": 0.6167163613926724
  }
}