{
  "geral": {
    "NM_MUN_demanda": "ENVIRA",
    "15-19 ANOS": 1876,
    "20-24 ANOS": 1725,
    "25-29 ANOS": 1451,
    "15-19 ANOS, RA\u00c7A BRANCA": 499,
    "20-24 ANOS, RA\u00c7A BRANCA": 438,
    "25-29 ANOS, RA\u00c7A BRANCA": 336,
    "15-19 ANOS, RA\u00c7A PRETA": 80,
    "20-24 ANOS, RA\u00c7A PRETA": 90,
    "25-29 ANOS, RA\u00c7A PRETA": 91,
    "15-19 ANOS, RA\u00c7A PARDA": 1169,
    "20-24 ANOS, RA\u00c7A PARDA": 1095,
    "25-29 ANOS, RA\u00c7A PARDA": 937,
    "15-19 ANOS, RA\u00c7A IND\u00cdGENA": 107,
    "20-24 ANOS, RA\u00c7A IND\u00cdGENA": 64,
    "25-29 ANOS, RA\u00c7A IND\u00cdGENA": 66,
    "15-19 ANOS, RA\u00c7A AMARELA": 0,
    "20-24 ANOS, RA\u00c7A AMARELA": 0,
    "25-29 ANOS, RA\u00c7A AMARELA": 0,
    "15 A 19 ANOS, ALFABETIZADAS": 1656,
    "20 A 24 ANOS, ALFABETIZADAS": 1535,
    "25 A 29 ANOS, ALFABETIZADAS": 1239,
    "total_jovens": 5052,
    "total_jovens_alfabetizados": 4430,
    "taxa_alfabetizacao_jovens": 87.6880443388757,
    "total_jovens_branca": 1273,
    "total_jovens_preta": 261,
    "total_jovens_parda": 3201,
    "total_jovens_indigena": 237,
    "total_jovens_amarela": 0,
    "N_PESSOAS": 17186,
    "renda_media_final": 1352.6906371465145,
    "vul_score_final": 0.619874142225111
  },
  "15-19": {
    "NM_MUN_demanda": "ENVIRA",
    "15-19 ANOS": 1876,
    "15-19 ANOS, RA\u00c7A BRANCA": 499,
    "15-19 ANOS, RA\u00c7A PRETA": 80,
    "15-19 ANOS, RA\u00c7A PARDA": 1169,
    "15-19 ANOS, RA\u00c7A IND\u00cdGENA": 107,
    "15-19 ANOS, RA\u00c7A AMARELA": 0,
    "15 A 19 ANOS, ALFABETIZADAS": 1656,
    "total_jovens": 1876,
    "total_jovens_alfabetizados": 1656,
    "taxa_alfabetizacao_jovens": 88.27292110874201,
    "total_jovens_branca": 499,
    "total_jovens_preta": 80,
    "total_jovens_parda": 1169,
    "total_jovens_indigena": 107,
    "total_jovens_amarela": 0,
    "N_PESSOAS": 17186,
    "renda_media_final": 1352.6906371465145,
    "vul_score_final": 0.619874142225111
  },
  "20-24": {
    "NM_MUN_demanda": "ENVIRA",
    "20-24 ANOS": 1725,
    "20-24 ANOS, RA\u00c7A BRANCA": 438,
    "20-24 ANOS, RA\u00c7A PRETA": 90,
    "20-24 ANOS, RA\u00c7A PARDA": 1095,
    "20-24 ANOS, RA\u00c7A IND\u00cdGENA": 64,
    "20-24 ANOS, RA\u00c7A AMARELA": 0,
    "20 A 24 ANOS, ALFABETIZADAS": 1535,
    "total_jovens": 1725,
    "total_jovens_alfabetizados": 1535,
    "taxa_alfabetizacao_jovens": 88.98550724637681,
    "total_jovens_branca": 438,
    "total_jovens_preta": 90,
    "total_jovens_parda": 1095,
    "total_jovens_indigena": 64,
    "total_jovens_amarela": 0,
    "N_PESSOAS": 17186,
    "renda_media_final": 1352.6906371465145,
    "vul_score_final": 0.619874142225111
  },
  "25-29": {
    "NM_MUN_demanda": "ENVIRA",
    "25-29 ANOS": 1451,
    "25-29 ANOS, RA\u00c7A BRANCA": 336,
    "25-29 ANOS, RA\u00c7A PRETA": 91,
    "25-29 ANOS, RA\u00c7A PARDA": 937,
    "25-29 ANOS, RA\u00c7A IND\u00cdGENA": 66,
    "25-29 ANOS, RA\u00c7A AMARELA": 0,
    "25 A 29 ANOS, ALFABETIZADAS": 1239,
    "total_jovens": 1451,
    "total_jovens_alfabetizados": 1239,
    "taxa_alfabetizacao_jovens": 85.3893866299104,
    "total_jovens_branca": 336,
    "total_jovens_preta": 91,
    "total_jovens_parda": 937,
    "total_jovens_indigena": 66,
    "total_jovens_amarela": 0,
    "N_PESSOAS": 17186,
    "renda_media_final": 1352.6906371465145,
    "vul_score_final": 0.619874142225111
  }
}