{
  "geral": {
    "NM_MUN_demanda": "FONTE BOA",
    "15-19 ANOS": 2771,
    "20-24 ANOS": 2586,
    "25-29 ANOS": 2140,
    "15-19 ANOS, RA\u00c7A BRANCA": 345,
    "20-24 ANOS, RA\u00c7A BRANCA": 271,
    "25-29 ANOS, RA\u00c7A BRANCA": 189,
    "15-19 ANOS, RA\u00c7A PRETA": 70,
    "20-24 ANOS, RA\u00c7A PRETA": 91,
    "25-29 ANOS, RA\u00c7A PRETA": 83,
    "15-19 ANOS, RA\u00c7A PARDA": 1983,
    "20-24 ANOS, RA\u00c7A PARDA": 1849,
    "25-29 ANOS, RA\u00c7A PARDA": 1561,
    "15-19 ANOS, RA\u00c7A IND\u00cdGENA": 301,
    "20-24 ANOS, RA\u00c7A IND\u00cdGENA": 295,
    "25-29 ANOS, RA\u00c7A IND\u00cdGENA": 246,
    "15-19 ANOS, RA\u00c7A AMARELA": 0,
    "20-24 ANOS, RA\u00c7A AMARELA": 0,
    "25-29 ANOS, RA\u00c7A AMARELA": 0,
    "15 A 19 ANOS, ALFABETIZADAS": 2667,
    "20 A 24 ANOS, ALFABETIZADAS": 2489,
    "25 A 29 ANOS, ALFABETIZADAS": 2054,
    "total_jovens": 7497,
    "total_jovens_alfabetizados": 7210,
    "taxa_alfabetizacao_jovens": 96.171802054155,
    "total_jovens_branca": 805,
    "total_jovens_preta": 244,
    "total_jovens_parda": 5393,
    "total_jovens_indigena": 842,
    "total_jovens_amarela": 0,
    "N_PESSOAS": 25871,
    "renda_media_final": 1295.00837076263,
    "vul_score_final": 0.5359286280153318
  },
  "15-19": {
    "NM_MUN_demanda": "FONTE BOA",
    "15-19 ANOS": 2771,
    "15-19 ANOS, RA\u00c7A BRANCA": 345,
    "15-19 ANOS, RA\u00c7A PRETA": 70,
    "15-19 ANOS, RA\u00c7A PARDA": 1983,
    "15-19 ANOS, RA\u00c7A IND\u00cdGENA": 301,
    "15-19 ANOS, RA\u00c7A AMARELA": 0,
    "15 A 19 ANOS, ALFABETIZADAS": 2667,
    "total_jovens": 2771,
    "total_jovens_alfabetizados": 2667,
    "taxa_alfabetizacao_jovens": 96.24684229520028,
    "total_jovens_branca": 345,
    "total_jovens_preta": 70,
    "total_jovens_parda": 1983,
    "total_jovens_indigena": 301,
    "total_jovens_amarela": 0,
    "N_PESSOAS": 25871,
    "renda_media_final": 1295.00837076263,
    "vul_score_final": 0.5359286280153318
  },
  "20-24": {
    "NM_MUN_demanda": "FONTE BOA",
    "20-24 ANOS": 2586,
    "20-24 ANOS, RA\u00c7A BRANCA": 271,
    "20-24 ANOS, RA\u00c7A PRETA": 91,
    "20-24 ANOS, RA\u00c7A PARDA": 1849,
    "20-24 ANOS, RA\u00c7A IND\u00cdGENA": 295,
    "20-24 ANOS, RA\u00c7A AMARELA": 0,
    "20 A 24 ANOS, ALFABETIZADAS": 2489,
    "total_jovens": 2586,
    "total_jovens_alfabetizados": 2489,
    "taxa_alfabetizacao_jovens": 96.24903325599381,
    "total_jovens_branca": 271,
    "total_jovens_preta": 91,
    "total_jovens_parda": 1849,
    "total_jovens_indigena": 295,
    "total_jovens_amarela": 0,
    "N_PESSOAS": 25871,
    "renda_media_final": 1295.00837076263,
    "vul_score_final": 0.5359286280153318
  },
  "25-29": {
    "NM_MUN_demanda": "FONTE BOA",
    "25-29 ANOS": 2140,
    "25-29 ANOS, RA\u00c7A BRANCA": 189,
    "25-29 ANOS, RA\u00c7A PRETA": 83,
    "25-29 ANOS, RA\u00c7A PARDA": 1561,
    "25-29 ANOS, RA\u00c7A IND\u00cdGENA": 246,
    "25-29 ANOS, RA\u00c7A AMARELA": 0,
    "25 A 29 ANOS, ALFABETIZADAS": 2054,
    "total_jovens": 2140,
    "total_jovens_alfabetizados": 2054,
    "taxa_alfabetizacao_jovens": 95.98130841121495,
    "total_jovens_branca": 189,
    "total_jovens_preta": 83,
    "total_jovens_parda": 1561,
    "total_jovens_indigena": 246,
    "total_jovens_amarela": 0,
    "N_PESSOAS": 25871,
    "renda_media_final": 1295.00837076263,
    "vul_score_final": 0.5359286280153318
  }
}