{
  "geral": {
    "NM_MUN_demanda": "GUAJAR\u00c1",
    "15-19 ANOS": 1554,
    "20-24 ANOS": 1417,
    "25-29 ANOS": 1135,
    "15-19 ANOS, RA\u00c7A BRANCA": 358,
    "20-24 ANOS, RA\u00c7A BRANCA": 316,
    "25-29 ANOS, RA\u00c7A BRANCA": 238,
    "15-19 ANOS, RA\u00c7A PRETA": 47,
    "20-24 ANOS, RA\u00c7A PRETA": 53,
    "25-29 ANOS, RA\u00c7A PRETA": 50,
    "15-19 ANOS, RA\u00c7A PARDA": 1099,
    "20-24 ANOS, RA\u00c7A PARDA": 1004,
    "25-29 ANOS, RA\u00c7A PARDA": 813,
    "15-19 ANOS, RA\u00c7A IND\u00cdGENA": 4,
    "20-24 ANOS, RA\u00c7A IND\u00cdGENA": 0,
    "25-29 ANOS, RA\u00c7A IND\u00cdGENA": 0,
    "15-19 ANOS, RA\u00c7A AMARELA": 0,
    "20-24 ANOS, RA\u00c7A AMARELA": 0,
    "25-29 ANOS, RA\u00c7A AMARELA": 0,
    "15 A 19 ANOS, ALFABETIZADAS": 1481,
    "20 A 24 ANOS, ALFABETIZADAS": 1341,
    "25 A 29 ANOS, ALFABETIZADAS": 1035,
    "total_jovens": 4106,
    "total_jovens_alfabetizados": 3857,
    "taxa_alfabetizacao_jovens": 93.93570384802727,
    "total_jovens_branca": 912,
    "total_jovens_preta": 150,
    "total_jovens_parda": 2916,
    "total_jovens_indigena": 4,
    "total_jovens_amarela": 0,
    "N_PESSOAS": 13815,
    "renda_media_final": 1182.2747933405717,
    "vul_score_final": 0.5437730878460545
  },
  "15-19": {
    "NM_MUN_demanda": "GUAJAR\u00c1",
    "15-19 ANOS": 1554,
    "15-19 ANOS, RA\u00c7A BRANCA": 358,
    "15-19 ANOS, RA\u00c7A PRETA": 47,
    "15-19 ANOS, RA\u00c7A PARDA": 1099,
    "15-19 ANOS, RA\u00c7A IND\u00cdGENA": 4,
    "15-19 ANOS, RA\u00c7A AMARELA": 0,
    "15 A 19 ANOS, ALFABETIZADAS": 1481,
    "total_jovens": 1554,
    "total_jovens_alfabetizados": 1481,
    "taxa_alfabetizacao_jovens": 95.3024453024453,
    "total_jovens_branca": 358,
    "total_jovens_preta": 47,
    "total_jovens_parda": 1099,
    "total_jovens_indigena": 4,
    "total_jovens_amarela": 0,
    "N_PESSOAS": 13815,
    "renda_media_final": 1182.2747933405717,
    "vul_score_final": 0.5437730878460545
  },
  "20-24": {
    "NM_MUN_demanda": "GUAJAR\u00c1",
    "20-24 ANOS": 1417,
    "20-24 ANOS, RA\u00c7A BRANCA": 316,
    "20-24 ANOS, RA\u00c7A PRETA": 53,
    "20-24 ANOS, RA\u00c7A PARDA": 1004,
    "20-24 ANOS, RA\u00c7A IND\u00cdGENA": 0,
    "20-24 ANOS, RA\u00c7A AMARELA": 0,
    "20 A 24 ANOS, ALFABETIZADAS": 1341,
    "total_jovens": 1417,
    "total_jovens_alfabetizados": 1341,
    "taxa_alfabetizacao_jovens": 94.63655610444602,
    "total_jovens_branca": 316,
    "total_jovens_preta": 53,
    "total_jovens_parda": 1004,
    "total_jovens_indigena": 0,
    "total_jovens_amarela": 0,
    "N_PESSOAS": 13815,
    "renda_media_final": 1182.2747933405717,
    "vul_score_final": 0.5437730878460545
  },
  "25-29": {
    "NM_MUN_demanda": "GUAJAR\u00c1",
    "25-29 ANOS": 1135,
    "25-29 ANOS, RA\u00c7A BRANCA": 238,
    "25-29 ANOS, RA\u00c7A PRETA": 50,
    "25-29 ANOS, RA\u00c7A PARDA": 813,
    "25-29 ANOS, RA\u00c7A IND\u00cdGENA": 0,
    "25-29 ANOS, RA\u00c7A AMARELA": 0,
    "25 A 29 ANOS, ALFABETIZADAS": 1035,
    "total_jovens": 1135,
    "total_jovens_alfabetizados": 1035,
    "taxa_alfabetizacao_jovens": 91.18942731277532,
    "total_jovens_branca": 238,
    "total_jovens_preta": 50,
    "total_jovens_parda": 813,
    "total_jovens_indigena": 0,
    "total_jovens_amarela": 0,
    "N_PESSOAS": 13815,
    "renda_media_final": 1182.2747933405717,
    "vul_score_final": 0.5437730878460545
  }
}