{
  "geral": {
    "NM_MUN_demanda": "HUMAIT\u00c1",
    "15-19 ANOS": 5437,
    "20-24 ANOS": 5702,
    "25-29 ANOS": 5090,
    "15-19 ANOS, RA\u00c7A BRANCA": 1051,
    "20-24 ANOS, RA\u00c7A BRANCA": 1124,
    "25-29 ANOS, RA\u00c7A BRANCA": 1041,
    "15-19 ANOS, RA\u00c7A PRETA": 230,
    "20-24 ANOS, RA\u00c7A PRETA": 323,
    "25-29 ANOS, RA\u00c7A PRETA": 280,
    "15-19 ANOS, RA\u00c7A PARDA": 3742,
    "20-24 ANOS, RA\u00c7A PARDA": 3922,
    "25-29 ANOS, RA\u00c7A PARDA": 3482,
    "15-19 ANOS, RA\u00c7A IND\u00cdGENA": 311,
    "20-24 ANOS, RA\u00c7A IND\u00cdGENA": 235,
    "25-29 ANOS, RA\u00c7A IND\u00cdGENA": 172,
    "15-19 ANOS, RA\u00c7A AMARELA": 0,
    "20-24 ANOS, RA\u00c7A AMARELA": 0,
    "25-29 ANOS, RA\u00c7A AMARELA": 4,
    "15 A 19 ANOS, ALFABETIZADAS": 5241,
    "20 A 24 ANOS, ALFABETIZADAS": 5519,
    "25 A 29 ANOS, ALFABETIZADAS": 4885,
    "total_jovens": 16229,
    "total_jovens_alfabetizados": 15645,
    "taxa_alfabetizacao_jovens": 96.40150348142214,
    "total_jovens_branca": 3216,
    "total_jovens_preta": 833,
    "total_jovens_parda": 11146,
    "total_jovens_indigena": 718,
    "total_jovens_amarela": 4,
    "N_PESSOAS": 57473,
    "renda_media_final": 1787.8764922659336,
    "vul_score_final": 0.5275977413830957
  },
  "15-19": {
    "NM_MUN_demanda": "HUMAIT\u00c1",
    "15-19 ANOS": 5437,
    "15-19 ANOS, RA\u00c7A BRANCA": 1051,
    "15-19 ANOS, RA\u00c7A PRETA": 230,
    "15-19 ANOS, RA\u00c7A PARDA": 3742,
    "15-19 ANOS, RA\u00c7A IND\u00cdGENA": 311,
    "15-19 ANOS, RA\u00c7A AMARELA": 0,
    "15 A 19 ANOS, ALFABETIZADAS": 5241,
    "total_jovens": 5437,
    "total_jovens_alfabetizados": 5241,
    "taxa_alfabetizacao_jovens": 96.39507081110906,
    "total_jovens_branca": 1051,
    "total_jovens_preta": 230,
    "total_jovens_parda": 3742,
    "total_jovens_indigena": 311,
    "total_jovens_amarela": 0,
    "N_PESSOAS": 57473,
    "renda_media_final": 1787.8764922659336,
    "vul_score_final": 0.5275977413830957
  },
  "20-24": {
    "NM_MUN_demanda": "HUMAIT\u00c1",
    "20-24 ANOS": 5702,
    "20-24 ANOS, RA\u00c7A BRANCA": 1124,
    "20-24 ANOS, RA\u00c7A PRETA": 323,
    "20-24 ANOS, RA\u00c7A PARDA": 3922,
    "20-24 ANOS, RA\u00c7A IND\u00cdGENA": 235,
    "20-24 ANOS, RA\u00c7A AMARELA": 0,
    "20 A 24 ANOS, ALFABETIZADAS": 5519,
    "total_jovens": 5702,
    "total_jovens_alfabetizados": 5519,
    "taxa_alfabetizacao_jovens": 96.79059978954753,
    "total_jovens_branca": 1124,
    "total_jovens_preta": 323,
    "total_jovens_parda": 3922,
    "total_jovens_indigena": 235,
    "total_jovens_amarela": 0,
    "N_PESSOAS": 57473,
    "renda_media_final": 1787.8764922659336,
    "vul_score_final": 0.5275977413830957
  },
  "25-29": {
    "NM_MUN_demanda": "HUMAIT\u00c1",
    "25-29 ANOS": 5090,
    "25-29 ANOS, RA\u00c7A BRANCA": 1041,
    "25-29 ANOS, RA\u00c7A PRETA": 280,
    "25-29 ANOS, RA\u00c7A PARDA": 3482,
    "25-29 ANOS, RA\u00c7A IND\u00cdGENA": 172,
    "25-29 ANOS, RA\u00c7A AMARELA": 4,
    "25 A 29 ANOS, ALFABETIZADAS": 4885,
    "total_jovens": 5090,
    "total_jovens_alfabetizados": 4885,
    "taxa_alfabetizacao_jovens": 95.97249508840865,
    "total_jovens_branca": 1041,
    "total_jovens_preta": 280,
    "total_jovens_parda": 3482,
    "total_jovens_indigena": 172,
    "total_jovens_amarela": 4,
    "N_PESSOAS": 57473,
    "renda_media_final": 1787.8764922659336,
    "vul_score_final": 0.5275977413830957
  }
}