{
  "geral": {
    "NM_MUN_demanda": "IPIXUNA",
    "15-19 ANOS": 2604,
    "20-24 ANOS": 2732,
    "25-29 ANOS": 2081,
    "15-19 ANOS, RA\u00c7A BRANCA": 504,
    "20-24 ANOS, RA\u00c7A BRANCA": 473,
    "25-29 ANOS, RA\u00c7A BRANCA": 384,
    "15-19 ANOS, RA\u00c7A PRETA": 64,
    "20-24 ANOS, RA\u00c7A PRETA": 95,
    "25-29 ANOS, RA\u00c7A PRETA": 80,
    "15-19 ANOS, RA\u00c7A PARDA": 1869,
    "20-24 ANOS, RA\u00c7A PARDA": 1994,
    "25-29 ANOS, RA\u00c7A PARDA": 1466,
    "15-19 ANOS, RA\u00c7A IND\u00cdGENA": 126,
    "20-24 ANOS, RA\u00c7A IND\u00cdGENA": 134,
    "25-29 ANOS, RA\u00c7A IND\u00cdGENA": 102,
    "15-19 ANOS, RA\u00c7A AMARELA": 0,
    "20-24 ANOS, RA\u00c7A AMARELA": 0,
    "25-29 ANOS, RA\u00c7A AMARELA": 0,
    "15 A 19 ANOS, ALFABETIZADAS": 2363,
    "20 A 24 ANOS, ALFABETIZADAS": 2500,
    "25 A 29 ANOS, ALFABETIZADAS": 1853,
    "total_jovens": 7417,
    "total_jovens_alfabetizados": 6716,
    "taxa_alfabetizacao_jovens": 90.54873938249966,
    "total_jovens_branca": 1361,
    "total_jovens_preta": 239,
    "total_jovens_parda": 5329,
    "total_jovens_indigena": 362,
    "total_jovens_amarela": 0,
    "N_PESSOAS": 24311,
    "renda_media_final": 1135.1778877874212,
    "vul_score_final": 0.5782796665883706
  },
  "15-19": {
    "NM_MUN_demanda": "IPIXUNA",
    "15-19 ANOS": 2604,
    "15-19 ANOS, RA\u00c7A BRANCA": 504,
    "15-19 ANOS, RA\u00c7A PRETA": 64,
    "15-19 ANOS, RA\u00c7A PARDA": 1869,
    "15-19 ANOS, RA\u00c7A IND\u00cdGENA": 126,
    "15-19 ANOS, RA\u00c7A AMARELA": 0,
    "15 A 19 ANOS, ALFABETIZADAS": 2363,
    "total_jovens": 2604,
    "total_jovens_alfabetizados": 2363,
    "taxa_alfabetizacao_jovens": 90.74500768049155,
    "total_jovens_branca": 504,
    "total_jovens_preta": 64,
    "total_jovens_parda": 1869,
    "total_jovens_indigena": 126,
    "total_jovens_amarela": 0,
    "N_PESSOAS": 24311,
    "renda_media_final": 1135.1778877874212,
    "vul_score_final": 0.5782796665883706
  },
  "20-24": {
    "NM_MUN_demanda": "IPIXUNA",
    "20-24 ANOS": 2732,
    "20-24 ANOS, RA\u00c7A BRANCA": 473,
    "20-24 ANOS, RA\u00c7A PRETA": 95,
    "20-24 ANOS, RA\u00c7A PARDA": 1994,
    "20-24 ANOS, RA\u00c7A IND\u00cdGENA": 134,
    "20-24 ANOS, RA\u00c7A AMARELA": 0,
    "20 A 24 ANOS, ALFABETIZADAS": 2500,
    "total_jovens": 2732,
    "total_jovens_alfabetizados": 2500,
    "taxa_alfabetizacao_jovens": 91.50805270863836,
    "total_jovens_branca": 473,
    "total_jovens_preta": 95,
    "total_jovens_parda": 1994,
    "total_jovens_indigena": 134,
    "total_jovens_amarela": 0,
    "N_PESSOAS": 24311,
    "renda_media_final": 1135.1778877874212,
    "vul_score_final": 0.5782796665883706
  },
  "25-29": {
    "NM_MUN_demanda": "IPIXUNA",
    "25-29 ANOS": 2081,
    "25-29 ANOS, RA\u00c7A BRANCA": 384,
    "25-29 ANOS, RA\u00c7A PRETA": 80,
    "25-29 ANOS, RA\u00c7A PARDA": 1466,
    "25-29 ANOS, RA\u00c7A IND\u00cdGENA": 102,
    "25-29 ANOS, RA\u00c7A AMARELA": 0,
    "25 A 29 ANOS, ALFABETIZADAS": 1853,
    "total_jovens": 2081,
    "total_jovens_alfabetizados": 1853,
    "taxa_alfabetizacao_jovens": 89.04372897645362,
    "total_jovens_branca": 384,
    "total_jovens_preta": 80,
    "total_jovens_parda": 1466,
    "total_jovens_indigena": 102,
    "total_jovens_amarela": 0,
    "N_PESSOAS": 24311,
    "renda_media_final": 1135.1778877874212,
    "vul_score_final": 0.5782796665883706
  }
}