{
  "geral": {
    "NM_MUN_demanda": "IRANDUBA",
    "15-19 ANOS": 5660,
    "20-24 ANOS": 5167,
    "25-29 ANOS": 4751,
    "15-19 ANOS, RA\u00c7A BRANCA": 891,
    "20-24 ANOS, RA\u00c7A BRANCA": 783,
    "25-29 ANOS, RA\u00c7A BRANCA": 616,
    "15-19 ANOS, RA\u00c7A PRETA": 191,
    "20-24 ANOS, RA\u00c7A PRETA": 198,
    "25-29 ANOS, RA\u00c7A PRETA": 234,
    "15-19 ANOS, RA\u00c7A PARDA": 4355,
    "20-24 ANOS, RA\u00c7A PARDA": 3947,
    "25-29 ANOS, RA\u00c7A PARDA": 3676,
    "15-19 ANOS, RA\u00c7A IND\u00cdGENA": 28,
    "20-24 ANOS, RA\u00c7A IND\u00cdGENA": 49,
    "25-29 ANOS, RA\u00c7A IND\u00cdGENA": 16,
    "15-19 ANOS, RA\u00c7A AMARELA": 0,
    "20-24 ANOS, RA\u00c7A AMARELA": 0,
    "25-29 ANOS, RA\u00c7A AMARELA": 3,
    "15 A 19 ANOS, ALFABETIZADAS": 5547,
    "20 A 24 ANOS, ALFABETIZADAS": 5045,
    "25 A 29 ANOS, ALFABETIZADAS": 4607,
    "total_jovens": 15578,
    "total_jovens_alfabetizados": 15199,
    "taxa_alfabetizacao_jovens": 97.56708178200026,
    "total_jovens_branca": 2290,
    "total_jovens_preta": 623,
    "total_jovens_parda": 11978,
    "total_jovens_indigena": 93,
    "total_jovens_amarela": 3,
    "N_PESSOAS": 61163,
    "renda_media_final": 1618.9355513954515,
    "vul_score_final": 0.6429994525718846
  },
  "15-19": {
    "NM_MUN_demanda": "IRANDUBA",
    "15-19 ANOS": 5660,
    "15-19 ANOS, RA\u00c7A BRANCA": 891,
    "15-19 ANOS, RA\u00c7A PRETA": 191,
    "15-19 ANOS, RA\u00c7A PARDA": 4355,
    "15-19 ANOS, RA\u00c7A IND\u00cdGENA": 28,
    "15-19 ANOS, RA\u00c7A AMARELA": 0,
    "15 A 19 ANOS, ALFABETIZADAS": 5547,
    "total_jovens": 5660,
    "total_jovens_alfabetizados": 5547,
    "taxa_alfabetizacao_jovens": 98.00353356890459,
    "total_jovens_branca": 891,
    "total_jovens_preta": 191,
    "total_jovens_parda": 4355,
    "total_jovens_indigena": 28,
    "total_jovens_amarela": 0,
    "N_PESSOAS": 61163,
    "renda_media_final": 1618.9355513954515,
    "vul_score_final": 0.6429994525718846
  },
  "20-24": {
    "NM_MUN_demanda": "IRANDUBA",
    "20-24 ANOS": 5167,
    "20-24 ANOS, RA\u00c7A BRANCA": 783,
    "20-24 ANOS, RA\u00c7A PRETA": 198,
    "20-24 ANOS, RA\u00c7A PARDA": 3947,
    "20-24 ANOS, RA\u00c7A IND\u00cdGENA": 49,
    "20-24 ANOS, RA\u00c7A AMARELA": 0,
    "20 A 24 ANOS, ALFABETIZADAS": 5045,
    "total_jovens": 5167,
    "total_jovens_alfabetizados": 5045,
    "taxa_alfabetizacao_jovens": 97.63886200890265,
    "total_jovens_branca": 783,
    "total_jovens_preta": 198,
    "total_jovens_parda": 3947,
    "total_jovens_indigena": 49,
    "total_jovens_amarela": 0,
    "N_PESSOAS": 61163,
    "renda_media_final": 1618.9355513954515,
    "vul_score_final": 0.6429994525718846
  },
  "25-29": {
    "NM_MUN_demanda": "IRANDUBA",
    "25-29 ANOS": 4751,
    "25-29 ANOS, RA\u00c7A BRANCA": 616,
    "25-29 ANOS, RA\u00c7A PRETA": 234,
    "25-29 ANOS, RA\u00c7A PARDA": 3676,
    "25-29 ANOS, RA\u00c7A IND\u00cdGENA": 16,
    "25-29 ANOS, RA\u00c7A AMARELA": 3,
    "25 A 29 ANOS, ALFABETIZADAS": 4607,
    "total_jovens": 4751,
    "total_jovens_alfabetizados": 4607,
    "taxa_alfabetizacao_jovens": 96.96905914544305,
    "total_jovens_branca": 616,
    "total_jovens_preta": 234,
    "total_jovens_parda": 3676,
    "total_jovens_indigena": 16,
    "total_jovens_amarela": 3,
    "N_PESSOAS": 61163,
    "renda_media_final": 1618.9355513954515,
    "vul_score_final": 0.6429994525718846
  }
}