{
  "geral": {
    "NM_MUN_demanda": "ITACOATIARA",
    "15-19 ANOS": 10500,
    "20-24 ANOS": 9480,
    "25-29 ANOS": 8067,
    "15-19 ANOS, RA\u00c7A BRANCA": 1789,
    "20-24 ANOS, RA\u00c7A BRANCA": 1582,
    "25-29 ANOS, RA\u00c7A BRANCA": 1008,
    "15-19 ANOS, RA\u00c7A PRETA": 314,
    "20-24 ANOS, RA\u00c7A PRETA": 342,
    "25-29 ANOS, RA\u00c7A PRETA": 316,
    "15-19 ANOS, RA\u00c7A PARDA": 8052,
    "20-24 ANOS, RA\u00c7A PARDA": 7218,
    "25-29 ANOS, RA\u00c7A PARDA": 6423,
    "15-19 ANOS, RA\u00c7A IND\u00cdGENA": 103,
    "20-24 ANOS, RA\u00c7A IND\u00cdGENA": 92,
    "25-29 ANOS, RA\u00c7A IND\u00cdGENA": 65,
    "15-19 ANOS, RA\u00c7A AMARELA": 0,
    "20-24 ANOS, RA\u00c7A AMARELA": 0,
    "25-29 ANOS, RA\u00c7A AMARELA": 0,
    "15 A 19 ANOS, ALFABETIZADAS": 10315,
    "20 A 24 ANOS, ALFABETIZADAS": 9322,
    "25 A 29 ANOS, ALFABETIZADAS": 7906,
    "total_jovens": 28047,
    "total_jovens_alfabetizados": 27543,
    "taxa_alfabetizacao_jovens": 98.20301636538667,
    "total_jovens_branca": 4379,
    "total_jovens_preta": 972,
    "total_jovens_parda": 21693,
    "total_jovens_indigena": 260,
    "total_jovens_amarela": 0,
    "N_PESSOAS": 103598,
    "renda_media_final": 1625.4490918743606,
    "vul_score_final": 0.5844991006480093
  },
  "15-19": {
    "NM_MUN_demanda": "ITACOATIARA",
    "15-19 ANOS": 10500,
    "15-19 ANOS, RA\u00c7A BRANCA": 1789,
    "15-19 ANOS, RA\u00c7A PRETA": 314,
    "15-19 ANOS, RA\u00c7A PARDA": 8052,
    "15-19 ANOS, RA\u00c7A IND\u00cdGENA": 103,
    "15-19 ANOS, RA\u00c7A AMARELA": 0,
    "15 A 19 ANOS, ALFABETIZADAS": 10315,
    "total_jovens": 10500,
    "total_jovens_alfabetizados": 10315,
    "taxa_alfabetizacao_jovens": 98.23809523809524,
    "total_jovens_branca": 1789,
    "total_jovens_preta": 314,
    "total_jovens_parda": 8052,
    "total_jovens_indigena": 103,
    "total_jovens_amarela": 0,
    "N_PESSOAS": 103598,
    "renda_media_final": 1625.4490918743606,
    "vul_score_final": 0.5844991006480093
  },
  "20-24": {
    "NM_MUN_demanda": "ITACOATIARA",
    "20-24 ANOS": 9480,
    "20-24 ANOS, RA\u00c7A BRANCA": 1582,
    "20-24 ANOS, RA\u00c7A PRETA": 342,
    "20-24 ANOS, RA\u00c7A PARDA": 7218,
    "20-24 ANOS, RA\u00c7A IND\u00cdGENA": 92,
    "20-24 ANOS, RA\u00c7A AMARELA": 0,
    "20 A 24 ANOS, ALFABETIZADAS": 9322,
    "total_jovens": 9480,
    "total_jovens_alfabetizados": 9322,
    "taxa_alfabetizacao_jovens": 98.33333333333333,
    "total_jovens_branca": 1582,
    "total_jovens_preta": 342,
    "total_jovens_parda": 7218,
    "total_jovens_indigena": 92,
    "total_jovens_amarela": 0,
    "N_PESSOAS": 103598,
    "renda_media_final": 1625.4490918743606,
    "vul_score_final": 0.5844991006480093
  },
  "25-29": {
    "NM_MUN_demanda": "ITACOATIARA",
    "25-29 ANOS": 8067,
    "25-29 ANOS, RA\u00c7A BRANCA": 1008,
    "25-29 ANOS, RA\u00c7A PRETA": 316,
    "25-29 ANOS, RA\u00c7A PARDA": 6423,
    "25-29 ANOS, RA\u00c7A IND\u00cdGENA": 65,
    "25-29 ANOS, RA\u00c7A AMARELA": 0,
    "25 A 29 ANOS, ALFABETIZADAS": 7906,
    "total_jovens": 8067,
    "total_jovens_alfabetizados": 7906,
    "taxa_alfabetizacao_jovens": 98.00421470187183,
    "total_jovens_branca": 1008,
    "total_jovens_preta": 316,
    "total_jovens_parda": 6423,
    "total_jovens_indigena": 65,
    "total_jovens_amarela": 0,
    "N_PESSOAS": 103598,
    "renda_media_final": 1625.4490918743606,
    "vul_score_final": 0.5844991006480093
  }
}