{
  "geral": {
    "NM_MUN_demanda": "ITAMARATI",
    "15-19 ANOS": 1268,
    "20-24 ANOS": 1101,
    "25-29 ANOS": 931,
    "15-19 ANOS, RA\u00c7A BRANCA": 264,
    "20-24 ANOS, RA\u00c7A BRANCA": 208,
    "25-29 ANOS, RA\u00c7A BRANCA": 143,
    "15-19 ANOS, RA\u00c7A PRETA": 45,
    "20-24 ANOS, RA\u00c7A PRETA": 53,
    "25-29 ANOS, RA\u00c7A PRETA": 43,
    "15-19 ANOS, RA\u00c7A PARDA": 720,
    "20-24 ANOS, RA\u00c7A PARDA": 654,
    "25-29 ANOS, RA\u00c7A PARDA": 622,
    "15-19 ANOS, RA\u00c7A IND\u00cdGENA": 223,
    "20-24 ANOS, RA\u00c7A IND\u00cdGENA": 169,
    "25-29 ANOS, RA\u00c7A IND\u00cdGENA": 95,
    "15-19 ANOS, RA\u00c7A AMARELA": 0,
    "20-24 ANOS, RA\u00c7A AMARELA": 0,
    "25-29 ANOS, RA\u00c7A AMARELA": 0,
    "15 A 19 ANOS, ALFABETIZADAS": 1159,
    "20 A 24 ANOS, ALFABETIZADAS": 1001,
    "25 A 29 ANOS, ALFABETIZADAS": 809,
    "total_jovens": 3300,
    "total_jovens_alfabetizados": 2969,
    "taxa_alfabetizacao_jovens": 89.96969696969697,
    "total_jovens_branca": 615,
    "total_jovens_preta": 141,
    "total_jovens_parda": 1996,
    "total_jovens_indigena": 487,
    "total_jovens_amarela": 0,
    "N_PESSOAS": 10937,
    "renda_media_final": 1492.1445076346347,
    "vul_score_final": 0.5500144016878008
  },
  "15-19": {
    "NM_MUN_demanda": "ITAMARATI",
    "15-19 ANOS": 1268,
    "15-19 ANOS, RA\u00c7A BRANCA": 264,
    "15-19 ANOS, RA\u00c7A PRETA": 45,
    "15-19 ANOS, RA\u00c7A PARDA": 720,
    "15-19 ANOS, RA\u00c7A IND\u00cdGENA": 223,
    "15-19 ANOS, RA\u00c7A AMARELA": 0,
    "15 A 19 ANOS, ALFABETIZADAS": 1159,
    "total_jovens": 1268,
    "total_jovens_alfabetizados": 1159,
    "taxa_alfabetizacao_jovens": 91.40378548895899,
    "total_jovens_branca": 264,
    "total_jovens_preta": 45,
    "total_jovens_parda": 720,
    "total_jovens_indigena": 223,
    "total_jovens_amarela": 0,
    "N_PESSOAS": 10937,
    "renda_media_final": 1492.1445076346347,
    "vul_score_final": 0.5500144016878008
  },
  "20-24": {
    "NM_MUN_demanda": "ITAMARATI",
    "20-24 ANOS": 1101,
    "20-24 ANOS, RA\u00c7A BRANCA": 208,
    "20-24 ANOS, RA\u00c7A PRETA": 53,
    "20-24 ANOS, RA\u00c7A PARDA": 654,
    "20-24 ANOS, RA\u00c7A IND\u00cdGENA": 169,
    "20-24 ANOS, RA\u00c7A AMARELA": 0,
    "20 A 24 ANOS, ALFABETIZADAS": 1001,
    "total_jovens": 1101,
    "total_jovens_alfabetizados": 1001,
    "taxa_alfabetizacao_jovens": 90.91734786557674,
    "total_jovens_branca": 208,
    "total_jovens_preta": 53,
    "total_jovens_parda": 654,
    "total_jovens_indigena": 169,
    "total_jovens_amarela": 0,
    "N_PESSOAS": 10937,
    "renda_media_final": 1492.1445076346347,
    "vul_score_final": 0.5500144016878008
  },
  "25-29": {
    "NM_MUN_demanda": "ITAMARATI",
    "25-29 ANOS": 931,
    "25-29 ANOS, RA\u00c7A BRANCA": 143,
    "25-29 ANOS, RA\u00c7A PRETA": 43,
    "25-29 ANOS, RA\u00c7A PARDA": 622,
    "25-29 ANOS, RA\u00c7A IND\u00cdGENA": 95,
    "25-29 ANOS, RA\u00c7A AMARELA": 0,
    "25 A 29 ANOS, ALFABETIZADAS": 809,
    "total_jovens": 931,
    "total_jovens_alfabetizados": 809,
    "taxa_alfabetizacao_jovens": 86.89581095596132,
    "total_jovens_branca": 143,
    "total_jovens_preta": 43,
    "total_jovens_parda": 622,
    "total_jovens_indigena": 95,
    "total_jovens_amarela": 0,
    "N_PESSOAS": 10937,
    "renda_media_final": 1492.1445076346347,
    "vul_score_final": 0.5500144016878008
  }
}