{
  "geral": {
    "NM_MUN_demanda": "JAPUR\u00c1",
    "15-19 ANOS": 916,
    "20-24 ANOS": 954,
    "25-29 ANOS": 774,
    "15-19 ANOS, RA\u00c7A BRANCA": 78,
    "20-24 ANOS, RA\u00c7A BRANCA": 113,
    "25-29 ANOS, RA\u00c7A BRANCA": 72,
    "15-19 ANOS, RA\u00c7A PRETA": 38,
    "20-24 ANOS, RA\u00c7A PRETA": 48,
    "25-29 ANOS, RA\u00c7A PRETA": 46,
    "15-19 ANOS, RA\u00c7A PARDA": 579,
    "20-24 ANOS, RA\u00c7A PARDA": 598,
    "25-29 ANOS, RA\u00c7A PARDA": 507,
    "15-19 ANOS, RA\u00c7A IND\u00cdGENA": 203,
    "20-24 ANOS, RA\u00c7A IND\u00cdGENA": 178,
    "25-29 ANOS, RA\u00c7A IND\u00cdGENA": 117,
    "15-19 ANOS, RA\u00c7A AMARELA": 0,
    "20-24 ANOS, RA\u00c7A AMARELA": 0,
    "25-29 ANOS, RA\u00c7A AMARELA": 0,
    "15 A 19 ANOS, ALFABETIZADAS": 868,
    "20 A 24 ANOS, ALFABETIZADAS": 909,
    "25 A 29 ANOS, ALFABETIZADAS": 727,
    "total_jovens": 2644,
    "total_jovens_alfabetizados": 2504,
    "taxa_alfabetizacao_jovens": 94.70499243570349,
    "total_jovens_branca": 263,
    "total_jovens_preta": 132,
    "total_jovens_parda": 1684,
    "total_jovens_indigena": 498,
    "total_jovens_amarela": 0,
    "N_PESSOAS": 8858,
    "renda_media_final": 1869.0395303680289,
    "vul_score_final": 0.5756369156150002
  },
  "15-19": {
    "NM_MUN_demanda": "JAPUR\u00c1",
    "15-19 ANOS": 916,
    "15-19 ANOS, RA\u00c7A BRANCA": 78,
    "15-19 ANOS, RA\u00c7A PRETA": 38,
    "15-19 ANOS, RA\u00c7A PARDA": 579,
    "15-19 ANOS, RA\u00c7A IND\u00cdGENA": 203,
    "15-19 ANOS, RA\u00c7A AMARELA": 0,
    "15 A 19 ANOS, ALFABETIZADAS": 868,
    "total_jovens": 916,
    "total_jovens_alfabetizados": 868,
    "taxa_alfabetizacao_jovens": 94.75982532751091,
    "total_jovens_branca": 78,
    "total_jovens_preta": 38,
    "total_jovens_parda": 579,
    "total_jovens_indigena": 203,
    "total_jovens_amarela": 0,
    "N_PESSOAS": 8858,
    "renda_media_final": 1869.0395303680289,
    "vul_score_final": 0.5756369156150002
  },
  "20-24": {
    "NM_MUN_demanda": "JAPUR\u00c1",
    "20-24 ANOS": 954,
    "20-24 ANOS, RA\u00c7A BRANCA": 113,
    "20-24 ANOS, RA\u00c7A PRETA": 48,
    "20-24 ANOS, RA\u00c7A PARDA": 598,
    "20-24 ANOS, RA\u00c7A IND\u00cdGENA": 178,
    "20-24 ANOS, RA\u00c7A AMARELA": 0,
    "20 A 24 ANOS, ALFABETIZADAS": 909,
    "total_jovens": 954,
    "total_jovens_alfabetizados": 909,
    "taxa_alfabetizacao_jovens": 95.28301886792453,
    "total_jovens_branca": 113,
    "total_jovens_preta": 48,
    "total_jovens_parda": 598,
    "total_jovens_indigena": 178,
    "total_jovens_amarela": 0,
    "N_PESSOAS": 8858,
    "renda_media_final": 1869.0395303680289,
    "vul_score_final": 0.5756369156150002
  },
  "25-29": {
    "NM_MUN_demanda": "JAPUR\u00c1",
    "25-29 ANOS": 774,
    "25-29 ANOS, RA\u00c7A BRANCA": 72,
    "25-29 ANOS, RA\u00c7A PRETA": 46,
    "25-29 ANOS, RA\u00c7A PARDA": 507,
    "25-29 ANOS, RA\u00c7A IND\u00cdGENA": 117,
    "25-29 ANOS, RA\u00c7A AMARELA": 0,
    "25 A 29 ANOS, ALFABETIZADAS": 727,
    "total_jovens": 774,
    "total_jovens_alfabetizados": 727,
    "taxa_alfabetizacao_jovens": 93.92764857881137,
    "total_jovens_branca": 72,
    "total_jovens_preta": 46,
    "total_jovens_parda": 507,
    "total_jovens_indigena": 117,
    "total_jovens_amarela": 0,
    "N_PESSOAS": 8858,
    "renda_media_final": 1869.0395303680289,
    "vul_score_final": 0.5756369156150002
  }
}