{
  "geral": {
    "NM_MUN_demanda": "JURU\u00c1",
    "15-19 ANOS": 1238,
    "20-24 ANOS": 1150,
    "25-29 ANOS": 937,
    "15-19 ANOS, RA\u00c7A BRANCA": 143,
    "20-24 ANOS, RA\u00c7A BRANCA": 116,
    "25-29 ANOS, RA\u00c7A BRANCA": 111,
    "15-19 ANOS, RA\u00c7A PRETA": 85,
    "20-24 ANOS, RA\u00c7A PRETA": 87,
    "25-29 ANOS, RA\u00c7A PRETA": 70,
    "15-19 ANOS, RA\u00c7A PARDA": 899,
    "20-24 ANOS, RA\u00c7A PARDA": 845,
    "25-29 ANOS, RA\u00c7A PARDA": 672,
    "15-19 ANOS, RA\u00c7A IND\u00cdGENA": 73,
    "20-24 ANOS, RA\u00c7A IND\u00cdGENA": 70,
    "25-29 ANOS, RA\u00c7A IND\u00cdGENA": 40,
    "15-19 ANOS, RA\u00c7A AMARELA": 0,
    "20-24 ANOS, RA\u00c7A AMARELA": 0,
    "25-29 ANOS, RA\u00c7A AMARELA": 0,
    "15 A 19 ANOS, ALFABETIZADAS": 1180,
    "20 A 24 ANOS, ALFABETIZADAS": 1075,
    "25 A 29 ANOS, ALFABETIZADAS": 847,
    "total_jovens": 3325,
    "total_jovens_alfabetizados": 3102,
    "taxa_alfabetizacao_jovens": 93.29323308270678,
    "total_jovens_branca": 370,
    "total_jovens_preta": 242,
    "total_jovens_parda": 2416,
    "total_jovens_indigena": 183,
    "total_jovens_amarela": 0,
    "N_PESSOAS": 10742,
    "renda_media_final": 1634.9175712157885,
    "vul_score_final": 0.5022150455450336
  },
  "15-19": {
    "NM_MUN_demanda": "JURU\u00c1",
    "15-19 ANOS": 1238,
    "15-19 ANOS, RA\u00c7A BRANCA": 143,
    "15-19 ANOS, RA\u00c7A PRETA": 85,
    "15-19 ANOS, RA\u00c7A PARDA": 899,
    "15-19 ANOS, RA\u00c7A IND\u00cdGENA": 73,
    "15-19 ANOS, RA\u00c7A AMARELA": 0,
    "15 A 19 ANOS, ALFABETIZADAS": 1180,
    "total_jovens": 1238,
    "total_jovens_alfabetizados": 1180,
    "taxa_alfabetizacao_jovens": 95.31502423263328,
    "total_jovens_branca": 143,
    "total_jovens_preta": 85,
    "total_jovens_parda": 899,
    "total_jovens_indigena": 73,
    "total_jovens_amarela": 0,
    "N_PESSOAS": 10742,
    "renda_media_final": 1634.9175712157885,
    "vul_score_final": 0.5022150455450336
  },
  "20-24": {
    "NM_MUN_demanda": "JURU\u00c1",
    "20-24 ANOS": 1150,
    "20-24 ANOS, RA\u00c7A BRANCA": 116,
    "20-24 ANOS, RA\u00c7A PRETA": 87,
    "20-24 ANOS, RA\u00c7A PARDA": 845,
    "20-24 ANOS, RA\u00c7A IND\u00cdGENA": 70,
    "20-24 ANOS, RA\u00c7A AMARELA": 0,
    "20 A 24 ANOS, ALFABETIZADAS": 1075,
    "total_jovens": 1150,
    "total_jovens_alfabetizados": 1075,
    "taxa_alfabetizacao_jovens": 93.47826086956522,
    "total_jovens_branca": 116,
    "total_jovens_preta": 87,
    "total_jovens_parda": 845,
    "total_jovens_indigena": 70,
    "total_jovens_amarela": 0,
    "N_PESSOAS": 10742,
    "renda_media_final": 1634.9175712157885,
    "vul_score_final": 0.5022150455450336
  },
  "25-29": {
    "NM_MUN_demanda": "JURU\u00c1",
    "25-29 ANOS": 937,
    "25-29 ANOS, RA\u00c7A BRANCA": 111,
    "25-29 ANOS, RA\u00c7A PRETA": 70,
    "25-29 ANOS, RA\u00c7A PARDA": 672,
    "25-29 ANOS, RA\u00c7A IND\u00cdGENA": 40,
    "25-29 ANOS, RA\u00c7A AMARELA": 0,
    "25 A 29 ANOS, ALFABETIZADAS": 847,
    "total_jovens": 937,
    "total_jovens_alfabetizados": 847,
    "taxa_alfabetizacao_jovens": 90.39487726787621,
    "total_jovens_branca": 111,
    "total_jovens_preta": 70,
    "total_jovens_parda": 672,
    "total_jovens_indigena": 40,
    "total_jovens_amarela": 0,
    "N_PESSOAS": 10742,
    "renda_media_final": 1634.9175712157885,
    "vul_score_final": 0.5022150455450336
  }
}