{
  "geral": {
    "NM_MUN_demanda": "JUTA\u00cd",
    "15-19 ANOS": 2924,
    "20-24 ANOS": 2396,
    "25-29 ANOS": 1926,
    "15-19 ANOS, RA\u00c7A BRANCA": 217,
    "20-24 ANOS, RA\u00c7A BRANCA": 147,
    "25-29 ANOS, RA\u00c7A BRANCA": 146,
    "15-19 ANOS, RA\u00c7A PRETA": 39,
    "20-24 ANOS, RA\u00c7A PRETA": 44,
    "25-29 ANOS, RA\u00c7A PRETA": 51,
    "15-19 ANOS, RA\u00c7A PARDA": 1938,
    "20-24 ANOS, RA\u00c7A PARDA": 1647,
    "25-29 ANOS, RA\u00c7A PARDA": 1339,
    "15-19 ANOS, RA\u00c7A IND\u00cdGENA": 669,
    "20-24 ANOS, RA\u00c7A IND\u00cdGENA": 492,
    "25-29 ANOS, RA\u00c7A IND\u00cdGENA": 336,
    "15-19 ANOS, RA\u00c7A AMARELA": 0,
    "20-24 ANOS, RA\u00c7A AMARELA": 0,
    "25-29 ANOS, RA\u00c7A AMARELA": 0,
    "15 A 19 ANOS, ALFABETIZADAS": 2773,
    "20 A 24 ANOS, ALFABETIZADAS": 2259,
    "25 A 29 ANOS, ALFABETIZADAS": 1779,
    "total_jovens": 7246,
    "total_jovens_alfabetizados": 6811,
    "taxa_alfabetizacao_jovens": 93.99668782776705,
    "total_jovens_branca": 510,
    "total_jovens_preta": 134,
    "total_jovens_parda": 4924,
    "total_jovens_indigena": 1497,
    "total_jovens_amarela": 0,
    "N_PESSOAS": 25172,
    "renda_media_final": 1410.8919446210075,
    "vul_score_final": 0.5271632304525068
  },
  "15-19": {
    "NM_MUN_demanda": "JUTA\u00cd",
    "15-19 ANOS": 2924,
    "15-19 ANOS, RA\u00c7A BRANCA": 217,
    "15-19 ANOS, RA\u00c7A PRETA": 39,
    "15-19 ANOS, RA\u00c7A PARDA": 1938,
    "15-19 ANOS, RA\u00c7A IND\u00cdGENA": 669,
    "15-19 ANOS, RA\u00c7A AMARELA": 0,
    "15 A 19 ANOS, ALFABETIZADAS": 2773,
    "total_jovens": 2924,
    "total_jovens_alfabetizados": 2773,
    "taxa_alfabetizacao_jovens": 94.8358413132695,
    "total_jovens_branca": 217,
    "total_jovens_preta": 39,
    "total_jovens_parda": 1938,
    "total_jovens_indigena": 669,
    "total_jovens_amarela": 0,
    "N_PESSOAS": 25172,
    "renda_media_final": 1410.8919446210075,
    "vul_score_final": 0.5271632304525068
  },
  "20-24": {
    "NM_MUN_demanda": "JUTA\u00cd",
    "20-24 ANOS": 2396,
    "20-24 ANOS, RA\u00c7A BRANCA": 147,
    "20-24 ANOS, RA\u00c7A PRETA": 44,
    "20-24 ANOS, RA\u00c7A PARDA": 1647,
    "20-24 ANOS, RA\u00c7A IND\u00cdGENA": 492,
    "20-24 ANOS, RA\u00c7A AMARELA": 0,
    "20 A 24 ANOS, ALFABETIZADAS": 2259,
    "total_jovens": 2396,
    "total_jovens_alfabetizados": 2259,
    "taxa_alfabetizacao_jovens": 94.2821368948247,
    "total_jovens_branca": 147,
    "total_jovens_preta": 44,
    "total_jovens_parda": 1647,
    "total_jovens_indigena": 492,
    "total_jovens_amarela": 0,
    "N_PESSOAS": 25172,
    "renda_media_final": 1410.8919446210075,
    "vul_score_final": 0.5271632304525068
  },
  "25-29": {
    "NM_MUN_demanda": "JUTA\u00cd",
    "25-29 ANOS": 1926,
    "25-29 ANOS, RA\u00c7A BRANCA": 146,
    "25-29 ANOS, RA\u00c7A PRETA": 51,
    "25-29 ANOS, RA\u00c7A PARDA": 1339,
    "25-29 ANOS, RA\u00c7A IND\u00cdGENA": 336,
    "25-29 ANOS, RA\u00c7A AMARELA": 0,
    "25 A 29 ANOS, ALFABETIZADAS": 1779,
    "total_jovens": 1926,
    "total_jovens_alfabetizados": 1779,
    "taxa_alfabetizacao_jovens": 92.36760124610592,
    "total_jovens_branca": 146,
    "total_jovens_preta": 51,
    "total_jovens_parda": 1339,
    "total_jovens_indigena": 336,
    "total_jovens_amarela": 0,
    "N_PESSOAS": 25172,
    "renda_media_final": 1410.8919446210075,
    "vul_score_final": 0.5271632304525068
  }
}