{
  "geral": {
    "NM_MUN_demanda": "L\u00c1BREA",
    "15-19 ANOS": 4728,
    "20-24 ANOS": 4533,
    "25-29 ANOS": 3842,
    "15-19 ANOS, RA\u00c7A BRANCA": 655,
    "20-24 ANOS, RA\u00c7A BRANCA": 625,
    "25-29 ANOS, RA\u00c7A BRANCA": 569,
    "15-19 ANOS, RA\u00c7A PRETA": 85,
    "20-24 ANOS, RA\u00c7A PRETA": 158,
    "25-29 ANOS, RA\u00c7A PRETA": 140,
    "15-19 ANOS, RA\u00c7A PARDA": 2924,
    "20-24 ANOS, RA\u00c7A PARDA": 2909,
    "25-29 ANOS, RA\u00c7A PARDA": 2449,
    "15-19 ANOS, RA\u00c7A IND\u00cdGENA": 923,
    "20-24 ANOS, RA\u00c7A IND\u00cdGENA": 700,
    "25-29 ANOS, RA\u00c7A IND\u00cdGENA": 530,
    "15-19 ANOS, RA\u00c7A AMARELA": 0,
    "20-24 ANOS, RA\u00c7A AMARELA": 0,
    "25-29 ANOS, RA\u00c7A AMARELA": 0,
    "15 A 19 ANOS, ALFABETIZADAS": 4528,
    "20 A 24 ANOS, ALFABETIZADAS": 4310,
    "25 A 29 ANOS, ALFABETIZADAS": 3621,
    "total_jovens": 13103,
    "total_jovens_alfabetizados": 12459,
    "taxa_alfabetizacao_jovens": 95.08509501640846,
    "total_jovens_branca": 1849,
    "total_jovens_preta": 383,
    "total_jovens_parda": 8282,
    "total_jovens_indigena": 2153,
    "total_jovens_amarela": 0,
    "N_PESSOAS": 45448,
    "renda_media_final": 1313.1264682714311,
    "vul_score_final": 0.5482578876389168
  },
  "15-19": {
    "NM_MUN_demanda": "L\u00c1BREA",
    "15-19 ANOS": 4728,
    "15-19 ANOS, RA\u00c7A BRANCA": 655,
    "15-19 ANOS, RA\u00c7A PRETA": 85,
    "15-19 ANOS, RA\u00c7A PARDA": 2924,
    "15-19 ANOS, RA\u00c7A IND\u00cdGENA": 923,
    "15-19 ANOS, RA\u00c7A AMARELA": 0,
    "15 A 19 ANOS, ALFABETIZADAS": 4528,
    "total_jovens": 4728,
    "total_jovens_alfabetizados": 4528,
    "taxa_alfabetizacao_jovens": 95.76988155668359,
    "total_jovens_branca": 655,
    "total_jovens_preta": 85,
    "total_jovens_parda": 2924,
    "total_jovens_indigena": 923,
    "total_jovens_amarela": 0,
    "N_PESSOAS": 45448,
    "renda_media_final": 1313.1264682714311,
    "vul_score_final": 0.5482578876389168
  },
  "20-24": {
    "NM_MUN_demanda": "L\u00c1BREA",
    "20-24 ANOS": 4533,
    "20-24 ANOS, RA\u00c7A BRANCA": 625,
    "20-24 ANOS, RA\u00c7A PRETA": 158,
    "20-24 ANOS, RA\u00c7A PARDA": 2909,
    "20-24 ANOS, RA\u00c7A IND\u00cdGENA": 700,
    "20-24 ANOS, RA\u00c7A AMARELA": 0,
    "20 A 24 ANOS, ALFABETIZADAS": 4310,
    "total_jovens": 4533,
    "total_jovens_alfabetizados": 4310,
    "taxa_alfabetizacao_jovens": 95.08052062651664,
    "total_jovens_branca": 625,
    "total_jovens_preta": 158,
    "total_jovens_parda": 2909,
    "total_jovens_indigena": 700,
    "total_jovens_amarela": 0,
    "N_PESSOAS": 45448,
    "renda_media_final": 1313.1264682714311,
    "vul_score_final": 0.5482578876389168
  },
  "25-29": {
    "NM_MUN_demanda": "L\u00c1BREA",
    "25-29 ANOS": 3842,
    "25-29 ANOS, RA\u00c7A BRANCA": 569,
    "25-29 ANOS, RA\u00c7A PRETA": 140,
    "25-29 ANOS, RA\u00c7A PARDA": 2449,
    "25-29 ANOS, RA\u00c7A IND\u00cdGENA": 530,
    "25-29 ANOS, RA\u00c7A AMARELA": 0,
    "25 A 29 ANOS, ALFABETIZADAS": 3621,
    "total_jovens": 3842,
    "total_jovens_alfabetizados": 3621,
    "taxa_alfabetizacao_jovens": 94.24778761061947,
    "total_jovens_branca": 569,
    "total_jovens_preta": 140,
    "total_jovens_parda": 2449,
    "total_jovens_indigena": 530,
    "total_jovens_amarela": 0,
    "N_PESSOAS": 45448,
    "renda_media_final": 1313.1264682714311,
    "vul_score_final": 0.5482578876389168
  }
}