{
  "geral": {
    "NM_MUN_demanda": "MANACAPURU",
    "15-19 ANOS": 10551,
    "20-24 ANOS": 9509,
    "25-29 ANOS": 8194,
    "15-19 ANOS, RA\u00c7A BRANCA": 1264,
    "20-24 ANOS, RA\u00c7A BRANCA": 1128,
    "25-29 ANOS, RA\u00c7A BRANCA": 928,
    "15-19 ANOS, RA\u00c7A PRETA": 222,
    "20-24 ANOS, RA\u00c7A PRETA": 282,
    "25-29 ANOS, RA\u00c7A PRETA": 218,
    "15-19 ANOS, RA\u00c7A PARDA": 8818,
    "20-24 ANOS, RA\u00c7A PARDA": 7886,
    "25-29 ANOS, RA\u00c7A PARDA": 6813,
    "15-19 ANOS, RA\u00c7A IND\u00cdGENA": 35,
    "20-24 ANOS, RA\u00c7A IND\u00cdGENA": 43,
    "25-29 ANOS, RA\u00c7A IND\u00cdGENA": 18,
    "15-19 ANOS, RA\u00c7A AMARELA": 0,
    "20-24 ANOS, RA\u00c7A AMARELA": 0,
    "25-29 ANOS, RA\u00c7A AMARELA": 0,
    "15 A 19 ANOS, ALFABETIZADAS": 10321,
    "20 A 24 ANOS, ALFABETIZADAS": 9236,
    "25 A 29 ANOS, ALFABETIZADAS": 7963,
    "total_jovens": 28254,
    "total_jovens_alfabetizados": 27520,
    "taxa_alfabetizacao_jovens": 97.40213775040702,
    "total_jovens_branca": 3320,
    "total_jovens_preta": 722,
    "total_jovens_parda": 23517,
    "total_jovens_indigena": 96,
    "total_jovens_amarela": 0,
    "N_PESSOAS": 101883,
    "renda_media_final": 1441.27640479766,
    "vul_score_final": 0.5559230316461864
  },
  "15-19": {
    "NM_MUN_demanda": "MANACAPURU",
    "15-19 ANOS": 10551,
    "15-19 ANOS, RA\u00c7A BRANCA": 1264,
    "15-19 ANOS, RA\u00c7A PRETA": 222,
    "15-19 ANOS, RA\u00c7A PARDA": 8818,
    "15-19 ANOS, RA\u00c7A IND\u00cdGENA": 35,
    "15-19 ANOS, RA\u00c7A AMARELA": 0,
    "15 A 19 ANOS, ALFABETIZADAS": 10321,
    "total_jovens": 10551,
    "total_jovens_alfabetizados": 10321,
    "taxa_alfabetizacao_jovens": 97.8201118377405,
    "total_jovens_branca": 1264,
    "total_jovens_preta": 222,
    "total_jovens_parda": 8818,
    "total_jovens_indigena": 35,
    "total_jovens_amarela": 0,
    "N_PESSOAS": 101883,
    "renda_media_final": 1441.27640479766,
    "vul_score_final": 0.5559230316461864
  },
  "20-24": {
    "NM_MUN_demanda": "MANACAPURU",
    "20-24 ANOS": 9509,
    "20-24 ANOS, RA\u00c7A BRANCA": 1128,
    "20-24 ANOS, RA\u00c7A PRETA": 282,
    "20-24 ANOS, RA\u00c7A PARDA": 7886,
    "20-24 ANOS, RA\u00c7A IND\u00cdGENA": 43,
    "20-24 ANOS, RA\u00c7A AMARELA": 0,
    "20 A 24 ANOS, ALFABETIZADAS": 9236,
    "total_jovens": 9509,
    "total_jovens_alfabetizados": 9236,
    "taxa_alfabetizacao_jovens": 97.12903565043642,
    "total_jovens_branca": 1128,
    "total_jovens_preta": 282,
    "total_jovens_parda": 7886,
    "total_jovens_indigena": 43,
    "total_jovens_amarela": 0,
    "N_PESSOAS": 101883,
    "renda_media_final": 1441.27640479766,
    "vul_score_final": 0.5559230316461864
  },
  "25-29": {
    "NM_MUN_demanda": "MANACAPURU",
    "25-29 ANOS": 8194,
    "25-29 ANOS, RA\u00c7A BRANCA": 928,
    "25-29 ANOS, RA\u00c7A PRETA": 218,
    "25-29 ANOS, RA\u00c7A PARDA": 6813,
    "25-29 ANOS, RA\u00c7A IND\u00cdGENA": 18,
    "25-29 ANOS, RA\u00c7A AMARELA": 0,
    "25 A 29 ANOS, ALFABETIZADAS": 7963,
    "total_jovens": 8194,
    "total_jovens_alfabetizados": 7963,
    "taxa_alfabetizacao_jovens": 97.18086404686356,
    "total_jovens_branca": 928,
    "total_jovens_preta": 218,
    "total_jovens_parda": 6813,
    "total_jovens_indigena": 18,
    "total_jovens_amarela": 0,
    "N_PESSOAS": 101883,
    "renda_media_final": 1441.27640479766,
    "vul_score_final": 0.5559230316461864
  }
}