{
  "geral": {
    "NM_MUN_demanda": "MANAUS",
    "15-19 ANOS": 170431,
    "20-24 ANOS": 186009,
    "25-29 ANOS": 180134,
    "15-19 ANOS, RA\u00c7A BRANCA": 40118,
    "20-24 ANOS, RA\u00c7A BRANCA": 42630,
    "25-29 ANOS, RA\u00c7A BRANCA": 40613,
    "15-19 ANOS, RA\u00c7A PRETA": 6363,
    "20-24 ANOS, RA\u00c7A PRETA": 8793,
    "25-29 ANOS, RA\u00c7A PRETA": 9754,
    "15-19 ANOS, RA\u00c7A PARDA": 119993,
    "20-24 ANOS, RA\u00c7A PARDA": 130545,
    "25-29 ANOS, RA\u00c7A PARDA": 125962,
    "15-19 ANOS, RA\u00c7A IND\u00cdGENA": 822,
    "20-24 ANOS, RA\u00c7A IND\u00cdGENA": 890,
    "25-29 ANOS, RA\u00c7A IND\u00cdGENA": 690,
    "15-19 ANOS, RA\u00c7A AMARELA": 33,
    "20-24 ANOS, RA\u00c7A AMARELA": 29,
    "25-29 ANOS, RA\u00c7A AMARELA": 44,
    "15 A 19 ANOS, ALFABETIZADAS": 168554,
    "20 A 24 ANOS, ALFABETIZADAS": 184206,
    "25 A 29 ANOS, ALFABETIZADAS": 178318,
    "total_jovens": 536574,
    "total_jovens_alfabetizados": 531078,
    "taxa_alfabetizacao_jovens": 98.97572375851233,
    "total_jovens_branca": 123361,
    "total_jovens_preta": 24910,
    "total_jovens_parda": 376500,
    "total_jovens_indigena": 2402,
    "total_jovens_amarela": 106,
    "N_PESSOAS": 2063689,
    "renda_media_final": 2670.8362887818853,
    "vul_score_final": 0.6194258034144983
  },
  "15-19": {
    "NM_MUN_demanda": "MANAUS",
    "15-19 ANOS": 170431,
    "15-19 ANOS, RA\u00c7A BRANCA": 40118,
    "15-19 ANOS, RA\u00c7A PRETA": 6363,
    "15-19 ANOS, RA\u00c7A PARDA": 119993,
    "15-19 ANOS, RA\u00c7A IND\u00cdGENA": 822,
    "15-19 ANOS, RA\u00c7A AMARELA": 33,
    "15 A 19 ANOS, ALFABETIZADAS": 168554,
    "total_jovens": 170431,
    "total_jovens_alfabetizados": 168554,
    "taxa_alfabetizacao_jovens": 98.89867453690937,
    "total_jovens_branca": 40118,
    "total_jovens_preta": 6363,
    "total_jovens_parda": 119993,
    "total_jovens_indigena": 822,
    "total_jovens_amarela": 33,
    "N_PESSOAS": 2063689,
    "renda_media_final": 2670.8362887818853,
    "vul_score_final": 0.6194258034144983
  },
  "20-24": {
    "NM_MUN_demanda": "MANAUS",
    "20-24 ANOS": 186009,
    "20-24 ANOS, RA\u00c7A BRANCA": 42630,
    "20-24 ANOS, RA\u00c7A PRETA": 8793,
    "20-24 ANOS, RA\u00c7A PARDA": 130545,
    "20-24 ANOS, RA\u00c7A IND\u00cdGENA": 890,
    "20-24 ANOS, RA\u00c7A AMARELA": 29,
    "20 A 24 ANOS, ALFABETIZADAS": 184206,
    "total_jovens": 186009,
    "total_jovens_alfabetizados": 184206,
    "taxa_alfabetizacao_jovens": 99.03069206328726,
    "total_jovens_branca": 42630,
    "total_jovens_preta": 8793,
    "total_jovens_parda": 130545,
    "total_jovens_indigena": 890,
    "total_jovens_amarela": 29,
    "N_PESSOAS": 2063689,
    "renda_media_final": 2670.8362887818853,
    "vul_score_final": 0.6194258034144983
  },
  "25-29": {
    "NM_MUN_demanda": "MANAUS",
    "25-29 ANOS": 180134,
    "25-29 ANOS, RA\u00c7A BRANCA": 40613,
    "25-29 ANOS, RA\u00c7A PRETA": 9754,
    "25-29 ANOS, RA\u00c7A PARDA": 125962,
    "25-29 ANOS, RA\u00c7A IND\u00cdGENA": 690,
    "25-29 ANOS, RA\u00c7A AMARELA": 44,
    "25 A 29 ANOS, ALFABETIZADAS": 178318,
    "total_jovens": 180134,
    "total_jovens_alfabetizados": 178318,
    "taxa_alfabetizacao_jovens": 98.99186161413171,
    "total_jovens_branca": 40613,
    "total_jovens_preta": 9754,
    "total_jovens_parda": 125962,
    "total_jovens_indigena": 690,
    "total_jovens_amarela": 44,
    "N_PESSOAS": 2063689,
    "renda_media_final": 2670.8362887818853,
    "vul_score_final": 0.6194258034144983
  }
}