{
  "geral": {
    "NM_MUN_demanda": "MANAQUIRI",
    "15-19 ANOS": 1558,
    "20-24 ANOS": 1319,
    "25-29 ANOS": 1238,
    "15-19 ANOS, RA\u00c7A BRANCA": 181,
    "20-24 ANOS, RA\u00c7A BRANCA": 150,
    "25-29 ANOS, RA\u00c7A BRANCA": 101,
    "15-19 ANOS, RA\u00c7A PRETA": 33,
    "20-24 ANOS, RA\u00c7A PRETA": 34,
    "25-29 ANOS, RA\u00c7A PRETA": 18,
    "15-19 ANOS, RA\u00c7A PARDA": 1205,
    "20-24 ANOS, RA\u00c7A PARDA": 1023,
    "25-29 ANOS, RA\u00c7A PARDA": 998,
    "15-19 ANOS, RA\u00c7A IND\u00cdGENA": 54,
    "20-24 ANOS, RA\u00c7A IND\u00cdGENA": 40,
    "25-29 ANOS, RA\u00c7A IND\u00cdGENA": 34,
    "15-19 ANOS, RA\u00c7A AMARELA": 0,
    "20-24 ANOS, RA\u00c7A AMARELA": 0,
    "25-29 ANOS, RA\u00c7A AMARELA": 0,
    "15 A 19 ANOS, ALFABETIZADAS": 1532,
    "20 A 24 ANOS, ALFABETIZADAS": 1278,
    "25 A 29 ANOS, ALFABETIZADAS": 1191,
    "total_jovens": 4115,
    "total_jovens_alfabetizados": 4001,
    "taxa_alfabetizacao_jovens": 97.22964763061968,
    "total_jovens_branca": 432,
    "total_jovens_preta": 85,
    "total_jovens_parda": 3226,
    "total_jovens_indigena": 128,
    "total_jovens_amarela": 0,
    "N_PESSOAS": 17107,
    "renda_media_final": 1104.2016624773485,
    "vul_score_final": 0.503813043507348
  },
  "15-19": {
    "NM_MUN_demanda": "MANAQUIRI",
    "15-19 ANOS": 1558,
    "15-19 ANOS, RA\u00c7A BRANCA": 181,
    "15-19 ANOS, RA\u00c7A PRETA": 33,
    "15-19 ANOS, RA\u00c7A PARDA": 1205,
    "15-19 ANOS, RA\u00c7A IND\u00cdGENA": 54,
    "15-19 ANOS, RA\u00c7A AMARELA": 0,
    "15 A 19 ANOS, ALFABETIZADAS": 1532,
    "total_jovens": 1558,
    "total_jovens_alfabetizados": 1532,
    "taxa_alfabetizacao_jovens": 98.33119383825417,
    "total_jovens_branca": 181,
    "total_jovens_preta": 33,
    "total_jovens_parda": 1205,
    "total_jovens_indigena": 54,
    "total_jovens_amarela": 0,
    "N_PESSOAS": 17107,
    "renda_media_final": 1104.2016624773485,
    "vul_score_final": 0.503813043507348
  },
  "20-24": {
    "NM_MUN_demanda": "MANAQUIRI",
    "20-24 ANOS": 1319,
    "20-24 ANOS, RA\u00c7A BRANCA": 150,
    "20-24 ANOS, RA\u00c7A PRETA": 34,
    "20-24 ANOS, RA\u00c7A PARDA": 1023,
    "20-24 ANOS, RA\u00c7A IND\u00cdGENA": 40,
    "20-24 ANOS, RA\u00c7A AMARELA": 0,
    "20 A 24 ANOS, ALFABETIZADAS": 1278,
    "total_jovens": 1319,
    "total_jovens_alfabetizados": 1278,
    "taxa_alfabetizacao_jovens": 96.89158453373769,
    "total_jovens_branca": 150,
    "total_jovens_preta": 34,
    "total_jovens_parda": 1023,
    "total_jovens_indigena": 40,
    "total_jovens_amarela": 0,
    "N_PESSOAS": 17107,
    "renda_media_final": 1104.2016624773485,
    "vul_score_final": 0.503813043507348
  },
  "25-29": {
    "NM_MUN_demanda": "MANAQUIRI",
    "25-29 ANOS": 1238,
    "25-29 ANOS, RA\u00c7A BRANCA": 101,
    "25-29 ANOS, RA\u00c7A PRETA": 18,
    "25-29 ANOS, RA\u00c7A PARDA": 998,
    "25-29 ANOS, RA\u00c7A IND\u00cdGENA": 34,
    "25-29 ANOS, RA\u00c7A AMARELA": 0,
    "25 A 29 ANOS, ALFABETIZADAS": 1191,
    "total_jovens": 1238,
    "total_jovens_alfabetizados": 1191,
    "taxa_alfabetizacao_jovens": 96.20355411954766,
    "total_jovens_branca": 101,
    "total_jovens_preta": 18,
    "total_jovens_parda": 998,
    "total_jovens_indigena": 34,
    "total_jovens_amarela": 0,
    "N_PESSOAS": 17107,
    "renda_media_final": 1104.2016624773485,
    "vul_score_final": 0.503813043507348
  }
}