{
  "geral": {
    "NM_MUN_demanda": "MANICOR\u00c9",
    "15-19 ANOS": 5393,
    "20-24 ANOS": 5202,
    "25-29 ANOS": 4555,
    "15-19 ANOS, RA\u00c7A BRANCA": 911,
    "20-24 ANOS, RA\u00c7A BRANCA": 838,
    "25-29 ANOS, RA\u00c7A BRANCA": 666,
    "15-19 ANOS, RA\u00c7A PRETA": 101,
    "20-24 ANOS, RA\u00c7A PRETA": 147,
    "25-29 ANOS, RA\u00c7A PRETA": 126,
    "15-19 ANOS, RA\u00c7A PARDA": 3910,
    "20-24 ANOS, RA\u00c7A PARDA": 3861,
    "25-29 ANOS, RA\u00c7A PARDA": 3418,
    "15-19 ANOS, RA\u00c7A IND\u00cdGENA": 335,
    "20-24 ANOS, RA\u00c7A IND\u00cdGENA": 230,
    "25-29 ANOS, RA\u00c7A IND\u00cdGENA": 195,
    "15-19 ANOS, RA\u00c7A AMARELA": 0,
    "20-24 ANOS, RA\u00c7A AMARELA": 3,
    "25-29 ANOS, RA\u00c7A AMARELA": 0,
    "15 A 19 ANOS, ALFABETIZADAS": 5279,
    "20 A 24 ANOS, ALFABETIZADAS": 5076,
    "25 A 29 ANOS, ALFABETIZADAS": 4433,
    "total_jovens": 15150,
    "total_jovens_alfabetizados": 14788,
    "taxa_alfabetizacao_jovens": 97.61056105610561,
    "total_jovens_branca": 2415,
    "total_jovens_preta": 374,
    "total_jovens_parda": 11189,
    "total_jovens_indigena": 760,
    "total_jovens_amarela": 3,
    "N_PESSOAS": 53914,
    "renda_media_final": 2190.2674687465224,
    "vul_score_final": 0.5307803201236013
  },
  "15-19": {
    "NM_MUN_demanda": "MANICOR\u00c9",
    "15-19 ANOS": 5393,
    "15-19 ANOS, RA\u00c7A BRANCA": 911,
    "15-19 ANOS, RA\u00c7A PRETA": 101,
    "15-19 ANOS, RA\u00c7A PARDA": 3910,
    "15-19 ANOS, RA\u00c7A IND\u00cdGENA": 335,
    "15-19 ANOS, RA\u00c7A AMARELA": 0,
    "15 A 19 ANOS, ALFABETIZADAS": 5279,
    "total_jovens": 5393,
    "total_jovens_alfabetizados": 5279,
    "taxa_alfabetizacao_jovens": 97.88614871129242,
    "total_jovens_branca": 911,
    "total_jovens_preta": 101,
    "total_jovens_parda": 3910,
    "total_jovens_indigena": 335,
    "total_jovens_amarela": 0,
    "N_PESSOAS": 53914,
    "renda_media_final": 2190.2674687465224,
    "vul_score_final": 0.5307803201236013
  },
  "20-24": {
    "NM_MUN_demanda": "MANICOR\u00c9",
    "20-24 ANOS": 5202,
    "20-24 ANOS, RA\u00c7A BRANCA": 838,
    "20-24 ANOS, RA\u00c7A PRETA": 147,
    "20-24 ANOS, RA\u00c7A PARDA": 3861,
    "20-24 ANOS, RA\u00c7A IND\u00cdGENA": 230,
    "20-24 ANOS, RA\u00c7A AMARELA": 3,
    "20 A 24 ANOS, ALFABETIZADAS": 5076,
    "total_jovens": 5202,
    "total_jovens_alfabetizados": 5076,
    "taxa_alfabetizacao_jovens": 97.57785467128028,
    "total_jovens_branca": 838,
    "total_jovens_preta": 147,
    "total_jovens_parda": 3861,
    "total_jovens_indigena": 230,
    "total_jovens_amarela": 3,
    "N_PESSOAS": 53914,
    "renda_media_final": 2190.2674687465224,
    "vul_score_final": 0.5307803201236013
  },
  "25-29": {
    "NM_MUN_demanda": "MANICOR\u00c9",
    "25-29 ANOS": 4555,
    "25-29 ANOS, RA\u00c7A BRANCA": 666,
    "25-29 ANOS, RA\u00c7A PRETA": 126,
    "25-29 ANOS, RA\u00c7A PARDA": 3418,
    "25-29 ANOS, RA\u00c7A IND\u00cdGENA": 195,
    "25-29 ANOS, RA\u00c7A AMARELA": 0,
    "25 A 29 ANOS, ALFABETIZADAS": 4433,
    "total_jovens": 4555,
    "total_jovens_alfabetizados": 4433,
    "taxa_alfabetizacao_jovens": 97.32162458836443,
    "total_jovens_branca": 666,
    "total_jovens_preta": 126,
    "total_jovens_parda": 3418,
    "total_jovens_indigena": 195,
    "total_jovens_amarela": 0,
    "N_PESSOAS": 53914,
    "renda_media_final": 2190.2674687465224,
    "vul_score_final": 0.5307803201236013
  }
}