{
  "geral": {
    "NM_MUN_demanda": "MARA\u00c3",
    "15-19 ANOS": 1859,
    "20-24 ANOS": 1554,
    "25-29 ANOS": 1272,
    "15-19 ANOS, RA\u00c7A BRANCA": 193,
    "20-24 ANOS, RA\u00c7A BRANCA": 129,
    "25-29 ANOS, RA\u00c7A BRANCA": 103,
    "15-19 ANOS, RA\u00c7A PRETA": 70,
    "20-24 ANOS, RA\u00c7A PRETA": 44,
    "25-29 ANOS, RA\u00c7A PRETA": 48,
    "15-19 ANOS, RA\u00c7A PARDA": 1338,
    "20-24 ANOS, RA\u00c7A PARDA": 1176,
    "25-29 ANOS, RA\u00c7A PARDA": 959,
    "15-19 ANOS, RA\u00c7A IND\u00cdGENA": 212,
    "20-24 ANOS, RA\u00c7A IND\u00cdGENA": 154,
    "25-29 ANOS, RA\u00c7A IND\u00cdGENA": 125,
    "15-19 ANOS, RA\u00c7A AMARELA": 3,
    "20-24 ANOS, RA\u00c7A AMARELA": 0,
    "25-29 ANOS, RA\u00c7A AMARELA": 0,
    "15 A 19 ANOS, ALFABETIZADAS": 1778,
    "20 A 24 ANOS, ALFABETIZADAS": 1478,
    "25 A 29 ANOS, ALFABETIZADAS": 1201,
    "total_jovens": 4685,
    "total_jovens_alfabetizados": 4457,
    "taxa_alfabetizacao_jovens": 95.1334044823906,
    "total_jovens_branca": 425,
    "total_jovens_preta": 162,
    "total_jovens_parda": 3473,
    "total_jovens_indigena": 491,
    "total_jovens_amarela": 3,
    "N_PESSOAS": 15529,
    "renda_media_final": 1275.3131656899993,
    "vul_score_final": 0.5271561278288337
  },
  "15-19": {
    "NM_MUN_demanda": "MARA\u00c3",
    "15-19 ANOS": 1859,
    "15-19 ANOS, RA\u00c7A BRANCA": 193,
    "15-19 ANOS, RA\u00c7A PRETA": 70,
    "15-19 ANOS, RA\u00c7A PARDA": 1338,
    "15-19 ANOS, RA\u00c7A IND\u00cdGENA": 212,
    "15-19 ANOS, RA\u00c7A AMARELA": 3,
    "15 A 19 ANOS, ALFABETIZADAS": 1778,
    "total_jovens": 1859,
    "total_jovens_alfabetizados": 1778,
    "taxa_alfabetizacao_jovens": 95.6428187197418,
    "total_jovens_branca": 193,
    "total_jovens_preta": 70,
    "total_jovens_parda": 1338,
    "total_jovens_indigena": 212,
    "total_jovens_amarela": 3,
    "N_PESSOAS": 15529,
    "renda_media_final": 1275.3131656899993,
    "vul_score_final": 0.5271561278288337
  },
  "20-24": {
    "NM_MUN_demanda": "MARA\u00c3",
    "20-24 ANOS": 1554,
    "20-24 ANOS, RA\u00c7A BRANCA": 129,
    "20-24 ANOS, RA\u00c7A PRETA": 44,
    "20-24 ANOS, RA\u00c7A PARDA": 1176,
    "20-24 ANOS, RA\u00c7A IND\u00cdGENA": 154,
    "20-24 ANOS, RA\u00c7A AMARELA": 0,
    "20 A 24 ANOS, ALFABETIZADAS": 1478,
    "total_jovens": 1554,
    "total_jovens_alfabetizados": 1478,
    "taxa_alfabetizacao_jovens": 95.10939510939511,
    "total_jovens_branca": 129,
    "total_jovens_preta": 44,
    "total_jovens_parda": 1176,
    "total_jovens_indigena": 154,
    "total_jovens_amarela": 0,
    "N_PESSOAS": 15529,
    "renda_media_final": 1275.3131656899993,
    "vul_score_final": 0.5271561278288337
  },
  "25-29": {
    "NM_MUN_demanda": "MARA\u00c3",
    "25-29 ANOS": 1272,
    "25-29 ANOS, RA\u00c7A BRANCA": 103,
    "25-29 ANOS, RA\u00c7A PRETA": 48,
    "25-29 ANOS, RA\u00c7A PARDA": 959,
    "25-29 ANOS, RA\u00c7A IND\u00cdGENA": 125,
    "25-29 ANOS, RA\u00c7A AMARELA": 0,
    "25 A 29 ANOS, ALFABETIZADAS": 1201,
    "total_jovens": 1272,
    "total_jovens_alfabetizados": 1201,
    "taxa_alfabetizacao_jovens": 94.41823899371069,
    "total_jovens_branca": 103,
    "total_jovens_preta": 48,
    "total_jovens_parda": 959,
    "total_jovens_indigena": 125,
    "total_jovens_amarela": 0,
    "N_PESSOAS": 15529,
    "renda_media_final": 1275.3131656899993,
    "vul_score_final": 0.5271561278288337
  }
}