{
  "geral": {
    "NM_MUN_demanda": "MAU\u00c9S",
    "15-19 ANOS": 6555,
    "20-24 ANOS": 5353,
    "25-29 ANOS": 4469,
    "15-19 ANOS, RA\u00c7A BRANCA": 541,
    "20-24 ANOS, RA\u00c7A BRANCA": 386,
    "25-29 ANOS, RA\u00c7A BRANCA": 301,
    "15-19 ANOS, RA\u00c7A PRETA": 73,
    "20-24 ANOS, RA\u00c7A PRETA": 78,
    "25-29 ANOS, RA\u00c7A PRETA": 71,
    "15-19 ANOS, RA\u00c7A PARDA": 4935,
    "20-24 ANOS, RA\u00c7A PARDA": 4102,
    "25-29 ANOS, RA\u00c7A PARDA": 3457,
    "15-19 ANOS, RA\u00c7A IND\u00cdGENA": 888,
    "20-24 ANOS, RA\u00c7A IND\u00cdGENA": 677,
    "25-29 ANOS, RA\u00c7A IND\u00cdGENA": 516,
    "15-19 ANOS, RA\u00c7A AMARELA": 0,
    "20-24 ANOS, RA\u00c7A AMARELA": 0,
    "25-29 ANOS, RA\u00c7A AMARELA": 0,
    "15 A 19 ANOS, ALFABETIZADAS": 6455,
    "20 A 24 ANOS, ALFABETIZADAS": 5248,
    "25 A 29 ANOS, ALFABETIZADAS": 4363,
    "total_jovens": 16377,
    "total_jovens_alfabetizados": 16066,
    "taxa_alfabetizacao_jovens": 98.10099529828418,
    "total_jovens_branca": 1228,
    "total_jovens_preta": 222,
    "total_jovens_parda": 12494,
    "total_jovens_indigena": 2081,
    "total_jovens_amarela": 0,
    "N_PESSOAS": 61204,
    "renda_media_final": 1220.0739221292727,
    "vul_score_final": 0.5118688477114516
  },
  "15-19": {
    "NM_MUN_demanda": "MAU\u00c9S",
    "15-19 ANOS": 6555,
    "15-19 ANOS, RA\u00c7A BRANCA": 541,
    "15-19 ANOS, RA\u00c7A PRETA": 73,
    "15-19 ANOS, RA\u00c7A PARDA": 4935,
    "15-19 ANOS, RA\u00c7A IND\u00cdGENA": 888,
    "15-19 ANOS, RA\u00c7A AMARELA": 0,
    "15 A 19 ANOS, ALFABETIZADAS": 6455,
    "total_jovens": 6555,
    "total_jovens_alfabetizados": 6455,
    "taxa_alfabetizacao_jovens": 98.4744469870328,
    "total_jovens_branca": 541,
    "total_jovens_preta": 73,
    "total_jovens_parda": 4935,
    "total_jovens_indigena": 888,
    "total_jovens_amarela": 0,
    "N_PESSOAS": 61204,
    "renda_media_final": 1220.0739221292727,
    "vul_score_final": 0.5118688477114516
  },
  "20-24": {
    "NM_MUN_demanda": "MAU\u00c9S",
    "20-24 ANOS": 5353,
    "20-24 ANOS, RA\u00c7A BRANCA": 386,
    "20-24 ANOS, RA\u00c7A PRETA": 78,
    "20-24 ANOS, RA\u00c7A PARDA": 4102,
    "20-24 ANOS, RA\u00c7A IND\u00cdGENA": 677,
    "20-24 ANOS, RA\u00c7A AMARELA": 0,
    "20 A 24 ANOS, ALFABETIZADAS": 5248,
    "total_jovens": 5353,
    "total_jovens_alfabetizados": 5248,
    "taxa_alfabetizacao_jovens": 98.03848309359238,
    "total_jovens_branca": 386,
    "total_jovens_preta": 78,
    "total_jovens_parda": 4102,
    "total_jovens_indigena": 677,
    "total_jovens_amarela": 0,
    "N_PESSOAS": 61204,
    "renda_media_final": 1220.0739221292727,
    "vul_score_final": 0.5118688477114516
  },
  "25-29": {
    "NM_MUN_demanda": "MAU\u00c9S",
    "25-29 ANOS": 4469,
    "25-29 ANOS, RA\u00c7A BRANCA": 301,
    "25-29 ANOS, RA\u00c7A PRETA": 71,
    "25-29 ANOS, RA\u00c7A PARDA": 3457,
    "25-29 ANOS, RA\u00c7A IND\u00cdGENA": 516,
    "25-29 ANOS, RA\u00c7A AMARELA": 0,
    "25 A 29 ANOS, ALFABETIZADAS": 4363,
    "total_jovens": 4469,
    "total_jovens_alfabetizados": 4363,
    "taxa_alfabetizacao_jovens": 97.62810472141419,
    "total_jovens_branca": 301,
    "total_jovens_preta": 71,
    "total_jovens_parda": 3457,
    "total_jovens_indigena": 516,
    "total_jovens_amarela": 0,
    "N_PESSOAS": 61204,
    "renda_media_final": 1220.0739221292727,
    "vul_score_final": 0.5118688477114516
  }
}