{
  "geral": {
    "NM_MUN_demanda": "NHAMUND\u00c1",
    "15-19 ANOS": 1967,
    "20-24 ANOS": 1670,
    "25-29 ANOS": 1624,
    "15-19 ANOS, RA\u00c7A BRANCA": 121,
    "20-24 ANOS, RA\u00c7A BRANCA": 114,
    "25-29 ANOS, RA\u00c7A BRANCA": 103,
    "15-19 ANOS, RA\u00c7A PRETA": 23,
    "20-24 ANOS, RA\u00c7A PRETA": 19,
    "25-29 ANOS, RA\u00c7A PRETA": 15,
    "15-19 ANOS, RA\u00c7A PARDA": 1686,
    "20-24 ANOS, RA\u00c7A PARDA": 1422,
    "25-29 ANOS, RA\u00c7A PARDA": 1402,
    "15-19 ANOS, RA\u00c7A IND\u00cdGENA": 110,
    "20-24 ANOS, RA\u00c7A IND\u00cdGENA": 92,
    "25-29 ANOS, RA\u00c7A IND\u00cdGENA": 70,
    "15-19 ANOS, RA\u00c7A AMARELA": 0,
    "20-24 ANOS, RA\u00c7A AMARELA": 0,
    "25-29 ANOS, RA\u00c7A AMARELA": 0,
    "15 A 19 ANOS, ALFABETIZADAS": 1925,
    "20 A 24 ANOS, ALFABETIZADAS": 1642,
    "25 A 29 ANOS, ALFABETIZADAS": 1597,
    "total_jovens": 5261,
    "total_jovens_alfabetizados": 5164,
    "taxa_alfabetizacao_jovens": 98.15624406006462,
    "total_jovens_branca": 338,
    "total_jovens_preta": 57,
    "total_jovens_parda": 4510,
    "total_jovens_indigena": 272,
    "total_jovens_amarela": 0,
    "N_PESSOAS": 20136,
    "renda_media_final": 1329.4645441001192,
    "vul_score_final": 0.49804067422702564
  },
  "15-19": {
    "NM_MUN_demanda": "NHAMUND\u00c1",
    "15-19 ANOS": 1967,
    "15-19 ANOS, RA\u00c7A BRANCA": 121,
    "15-19 ANOS, RA\u00c7A PRETA": 23,
    "15-19 ANOS, RA\u00c7A PARDA": 1686,
    "15-19 ANOS, RA\u00c7A IND\u00cdGENA": 110,
    "15-19 ANOS, RA\u00c7A AMARELA": 0,
    "15 A 19 ANOS, ALFABETIZADAS": 1925,
    "total_jovens": 1967,
    "total_jovens_alfabetizados": 1925,
    "taxa_alfabetizacao_jovens": 97.86476868327402,
    "total_jovens_branca": 121,
    "total_jovens_preta": 23,
    "total_jovens_parda": 1686,
    "total_jovens_indigena": 110,
    "total_jovens_amarela": 0,
    "N_PESSOAS": 20136,
    "renda_media_final": 1329.4645441001192,
    "vul_score_final": 0.49804067422702564
  },
  "20-24": {
    "NM_MUN_demanda": "NHAMUND\u00c1",
    "20-24 ANOS": 1670,
    "20-24 ANOS, RA\u00c7A BRANCA": 114,
    "20-24 ANOS, RA\u00c7A PRETA": 19,
    "20-24 ANOS, RA\u00c7A PARDA": 1422,
    "20-24 ANOS, RA\u00c7A IND\u00cdGENA": 92,
    "20-24 ANOS, RA\u00c7A AMARELA": 0,
    "20 A 24 ANOS, ALFABETIZADAS": 1642,
    "total_jovens": 1670,
    "total_jovens_alfabetizados": 1642,
    "taxa_alfabetizacao_jovens": 98.32335329341318,
    "total_jovens_branca": 114,
    "total_jovens_preta": 19,
    "total_jovens_parda": 1422,
    "total_jovens_indigena": 92,
    "total_jovens_amarela": 0,
    "N_PESSOAS": 20136,
    "renda_media_final": 1329.4645441001192,
    "vul_score_final": 0.49804067422702564
  },
  "25-29": {
    "NM_MUN_demanda": "NHAMUND\u00c1",
    "25-29 ANOS": 1624,
    "25-29 ANOS, RA\u00c7A BRANCA": 103,
    "25-29 ANOS, RA\u00c7A PRETA": 15,
    "25-29 ANOS, RA\u00c7A PARDA": 1402,
    "25-29 ANOS, RA\u00c7A IND\u00cdGENA": 70,
    "25-29 ANOS, RA\u00c7A AMARELA": 0,
    "25 A 29 ANOS, ALFABETIZADAS": 1597,
    "total_jovens": 1624,
    "total_jovens_alfabetizados": 1597,
    "taxa_alfabetizacao_jovens": 98.33743842364532,
    "total_jovens_branca": 103,
    "total_jovens_preta": 15,
    "total_jovens_parda": 1402,
    "total_jovens_indigena": 70,
    "total_jovens_amarela": 0,
    "N_PESSOAS": 20136,
    "renda_media_final": 1329.4645441001192,
    "vul_score_final": 0.49804067422702564
  }
}