{
  "geral": {
    "NM_MUN_demanda": "NOVA OLINDA DO NORTE",
    "15-19 ANOS": 2936,
    "20-24 ANOS": 2454,
    "25-29 ANOS": 2146,
    "15-19 ANOS, RA\u00c7A BRANCA": 313,
    "20-24 ANOS, RA\u00c7A BRANCA": 258,
    "25-29 ANOS, RA\u00c7A BRANCA": 214,
    "15-19 ANOS, RA\u00c7A PRETA": 65,
    "20-24 ANOS, RA\u00c7A PRETA": 38,
    "25-29 ANOS, RA\u00c7A PRETA": 47,
    "15-19 ANOS, RA\u00c7A PARDA": 2139,
    "20-24 ANOS, RA\u00c7A PARDA": 1802,
    "25-29 ANOS, RA\u00c7A PARDA": 1569,
    "15-19 ANOS, RA\u00c7A IND\u00cdGENA": 329,
    "20-24 ANOS, RA\u00c7A IND\u00cdGENA": 253,
    "25-29 ANOS, RA\u00c7A IND\u00cdGENA": 207,
    "15-19 ANOS, RA\u00c7A AMARELA": 0,
    "20-24 ANOS, RA\u00c7A AMARELA": 0,
    "25-29 ANOS, RA\u00c7A AMARELA": 0,
    "15 A 19 ANOS, ALFABETIZADAS": 2890,
    "20 A 24 ANOS, ALFABETIZADAS": 2404,
    "25 A 29 ANOS, ALFABETIZADAS": 2082,
    "total_jovens": 7536,
    "total_jovens_alfabetizados": 7376,
    "taxa_alfabetizacao_jovens": 97.87685774946921,
    "total_jovens_branca": 785,
    "total_jovens_preta": 150,
    "total_jovens_parda": 5510,
    "total_jovens_indigena": 789,
    "total_jovens_amarela": 0,
    "N_PESSOAS": 27062,
    "renda_media_final": 1206.1481195033628,
    "vul_score_final": 0.5140830197246244
  },
  "15-19": {
    "NM_MUN_demanda": "NOVA OLINDA DO NORTE",
    "15-19 ANOS": 2936,
    "15-19 ANOS, RA\u00c7A BRANCA": 313,
    "15-19 ANOS, RA\u00c7A PRETA": 65,
    "15-19 ANOS, RA\u00c7A PARDA": 2139,
    "15-19 ANOS, RA\u00c7A IND\u00cdGENA": 329,
    "15-19 ANOS, RA\u00c7A AMARELA": 0,
    "15 A 19 ANOS, ALFABETIZADAS": 2890,
    "total_jovens": 2936,
    "total_jovens_alfabetizados": 2890,
    "taxa_alfabetizacao_jovens": 98.433242506812,
    "total_jovens_branca": 313,
    "total_jovens_preta": 65,
    "total_jovens_parda": 2139,
    "total_jovens_indigena": 329,
    "total_jovens_amarela": 0,
    "N_PESSOAS": 27062,
    "renda_media_final": 1206.1481195033628,
    "vul_score_final": 0.5140830197246244
  },
  "20-24": {
    "NM_MUN_demanda": "NOVA OLINDA DO NORTE",
    "20-24 ANOS": 2454,
    "20-24 ANOS, RA\u00c7A BRANCA": 258,
    "20-24 ANOS, RA\u00c7A PRETA": 38,
    "20-24 ANOS, RA\u00c7A PARDA": 1802,
    "20-24 ANOS, RA\u00c7A IND\u00cdGENA": 253,
    "20-24 ANOS, RA\u00c7A AMARELA": 0,
    "20 A 24 ANOS, ALFABETIZADAS": 2404,
    "total_jovens": 2454,
    "total_jovens_alfabetizados": 2404,
    "taxa_alfabetizacao_jovens": 97.96251018744906,
    "total_jovens_branca": 258,
    "total_jovens_preta": 38,
    "total_jovens_parda": 1802,
    "total_jovens_indigena": 253,
    "total_jovens_amarela": 0,
    "N_PESSOAS": 27062,
    "renda_media_final": 1206.1481195033628,
    "vul_score_final": 0.5140830197246244
  },
  "25-29": {
    "NM_MUN_demanda": "NOVA OLINDA DO NORTE",
    "25-29 ANOS": 2146,
    "25-29 ANOS, RA\u00c7A BRANCA": 214,
    "25-29 ANOS, RA\u00c7A PRETA": 47,
    "25-29 ANOS, RA\u00c7A PARDA": 1569,
    "25-29 ANOS, RA\u00c7A IND\u00cdGENA": 207,
    "25-29 ANOS, RA\u00c7A AMARELA": 0,
    "25 A 29 ANOS, ALFABETIZADAS": 2082,
    "total_jovens": 2146,
    "total_jovens_alfabetizados": 2082,
    "taxa_alfabetizacao_jovens": 97.01770736253495,
    "total_jovens_branca": 214,
    "total_jovens_preta": 47,
    "total_jovens_parda": 1569,
    "total_jovens_indigena": 207,
    "total_jovens_amarela": 0,
    "N_PESSOAS": 27062,
    "renda_media_final": 1206.1481195033628,
    "vul_score_final": 0.5140830197246244
  }
}