{
  "geral": {
    "NM_MUN_demanda": "NOVO ARIPUAN\u00c3",
    "15-19 ANOS": 2553,
    "20-24 ANOS": 2358,
    "25-29 ANOS": 2050,
    "15-19 ANOS, RA\u00c7A BRANCA": 290,
    "20-24 ANOS, RA\u00c7A BRANCA": 299,
    "25-29 ANOS, RA\u00c7A BRANCA": 236,
    "15-19 ANOS, RA\u00c7A PRETA": 108,
    "20-24 ANOS, RA\u00c7A PRETA": 104,
    "25-29 ANOS, RA\u00c7A PRETA": 82,
    "15-19 ANOS, RA\u00c7A PARDA": 2072,
    "20-24 ANOS, RA\u00c7A PARDA": 1889,
    "25-29 ANOS, RA\u00c7A PARDA": 1675,
    "15-19 ANOS, RA\u00c7A IND\u00cdGENA": 46,
    "20-24 ANOS, RA\u00c7A IND\u00cdGENA": 31,
    "25-29 ANOS, RA\u00c7A IND\u00cdGENA": 16,
    "15-19 ANOS, RA\u00c7A AMARELA": 0,
    "20-24 ANOS, RA\u00c7A AMARELA": 0,
    "25-29 ANOS, RA\u00c7A AMARELA": 0,
    "15 A 19 ANOS, ALFABETIZADAS": 2488,
    "20 A 24 ANOS, ALFABETIZADAS": 2304,
    "25 A 29 ANOS, ALFABETIZADAS": 1964,
    "total_jovens": 6961,
    "total_jovens_alfabetizados": 6756,
    "taxa_alfabetizacao_jovens": 97.05502083034047,
    "total_jovens_branca": 825,
    "total_jovens_preta": 294,
    "total_jovens_parda": 5636,
    "total_jovens_indigena": 93,
    "total_jovens_amarela": 0,
    "N_PESSOAS": 23818,
    "renda_media_final": 1480.666704593165,
    "vul_score_final": 0.5130910123768463
  },
  "15-19": {
    "NM_MUN_demanda": "NOVO ARIPUAN\u00c3",
    "15-19 ANOS": 2553,
    "15-19 ANOS, RA\u00c7A BRANCA": 290,
    "15-19 ANOS, RA\u00c7A PRETA": 108,
    "15-19 ANOS, RA\u00c7A PARDA": 2072,
    "15-19 ANOS, RA\u00c7A IND\u00cdGENA": 46,
    "15-19 ANOS, RA\u00c7A AMARELA": 0,
    "15 A 19 ANOS, ALFABETIZADAS": 2488,
    "total_jovens": 2553,
    "total_jovens_alfabetizados": 2488,
    "taxa_alfabetizacao_jovens": 97.45397571484527,
    "total_jovens_branca": 290,
    "total_jovens_preta": 108,
    "total_jovens_parda": 2072,
    "total_jovens_indigena": 46,
    "total_jovens_amarela": 0,
    "N_PESSOAS": 23818,
    "renda_media_final": 1480.666704593165,
    "vul_score_final": 0.5130910123768463
  },
  "20-24": {
    "NM_MUN_demanda": "NOVO ARIPUAN\u00c3",
    "20-24 ANOS": 2358,
    "20-24 ANOS, RA\u00c7A BRANCA": 299,
    "20-24 ANOS, RA\u00c7A PRETA": 104,
    "20-24 ANOS, RA\u00c7A PARDA": 1889,
    "20-24 ANOS, RA\u00c7A IND\u00cdGENA": 31,
    "20-24 ANOS, RA\u00c7A AMARELA": 0,
    "20 A 24 ANOS, ALFABETIZADAS": 2304,
    "total_jovens": 2358,
    "total_jovens_alfabetizados": 2304,
    "taxa_alfabetizacao_jovens": 97.70992366412213,
    "total_jovens_branca": 299,
    "total_jovens_preta": 104,
    "total_jovens_parda": 1889,
    "total_jovens_indigena": 31,
    "total_jovens_amarela": 0,
    "N_PESSOAS": 23818,
    "renda_media_final": 1480.666704593165,
    "vul_score_final": 0.5130910123768463
  },
  "25-29": {
    "NM_MUN_demanda": "NOVO ARIPUAN\u00c3",
    "25-29 ANOS": 2050,
    "25-29 ANOS, RA\u00c7A BRANCA": 236,
    "25-29 ANOS, RA\u00c7A PRETA": 82,
    "25-29 ANOS, RA\u00c7A PARDA": 1675,
    "25-29 ANOS, RA\u00c7A IND\u00cdGENA": 16,
    "25-29 ANOS, RA\u00c7A AMARELA": 0,
    "25 A 29 ANOS, ALFABETIZADAS": 1964,
    "total_jovens": 2050,
    "total_jovens_alfabetizados": 1964,
    "taxa_alfabetizacao_jovens": 95.80487804878048,
    "total_jovens_branca": 236,
    "total_jovens_preta": 82,
    "total_jovens_parda": 1675,
    "total_jovens_indigena": 16,
    "total_jovens_amarela": 0,
    "N_PESSOAS": 23818,
    "renda_media_final": 1480.666704593165,
    "vul_score_final": 0.5130910123768463
  }
}