{
  "geral": {
    "NM_MUN_demanda": "NOVO AIR\u00c3O",
    "15-19 ANOS": 1533,
    "20-24 ANOS": 1184,
    "25-29 ANOS": 1196,
    "15-19 ANOS, RA\u00c7A BRANCA": 160,
    "20-24 ANOS, RA\u00c7A BRANCA": 109,
    "25-29 ANOS, RA\u00c7A BRANCA": 113,
    "15-19 ANOS, RA\u00c7A PRETA": 63,
    "20-24 ANOS, RA\u00c7A PRETA": 75,
    "25-29 ANOS, RA\u00c7A PRETA": 48,
    "15-19 ANOS, RA\u00c7A PARDA": 983,
    "20-24 ANOS, RA\u00c7A PARDA": 744,
    "25-29 ANOS, RA\u00c7A PARDA": 790,
    "15-19 ANOS, RA\u00c7A IND\u00cdGENA": 266,
    "20-24 ANOS, RA\u00c7A IND\u00cdGENA": 186,
    "25-29 ANOS, RA\u00c7A IND\u00cdGENA": 162,
    "15-19 ANOS, RA\u00c7A AMARELA": 0,
    "20-24 ANOS, RA\u00c7A AMARELA": 0,
    "25-29 ANOS, RA\u00c7A AMARELA": 0,
    "15 A 19 ANOS, ALFABETIZADAS": 1490,
    "20 A 24 ANOS, ALFABETIZADAS": 1163,
    "25 A 29 ANOS, ALFABETIZADAS": 1165,
    "total_jovens": 3913,
    "total_jovens_alfabetizados": 3818,
    "taxa_alfabetizacao_jovens": 97.57219524661384,
    "total_jovens_branca": 382,
    "total_jovens_preta": 186,
    "total_jovens_parda": 2517,
    "total_jovens_indigena": 614,
    "total_jovens_amarela": 0,
    "N_PESSOAS": 15761,
    "renda_media_final": 1449.1894035911428,
    "vul_score_final": 0.5166697838151827
  },
  "15-19": {
    "NM_MUN_demanda": "NOVO AIR\u00c3O",
    "15-19 ANOS": 1533,
    "15-19 ANOS, RA\u00c7A BRANCA": 160,
    "15-19 ANOS, RA\u00c7A PRETA": 63,
    "15-19 ANOS, RA\u00c7A PARDA": 983,
    "15-19 ANOS, RA\u00c7A IND\u00cdGENA": 266,
    "15-19 ANOS, RA\u00c7A AMARELA": 0,
    "15 A 19 ANOS, ALFABETIZADAS": 1490,
    "total_jovens": 1533,
    "total_jovens_alfabetizados": 1490,
    "taxa_alfabetizacao_jovens": 97.19504240052184,
    "total_jovens_branca": 160,
    "total_jovens_preta": 63,
    "total_jovens_parda": 983,
    "total_jovens_indigena": 266,
    "total_jovens_amarela": 0,
    "N_PESSOAS": 15761,
    "renda_media_final": 1449.1894035911428,
    "vul_score_final": 0.5166697838151827
  },
  "20-24": {
    "NM_MUN_demanda": "NOVO AIR\u00c3O",
    "20-24 ANOS": 1184,
    "20-24 ANOS, RA\u00c7A BRANCA": 109,
    "20-24 ANOS, RA\u00c7A PRETA": 75,
    "20-24 ANOS, RA\u00c7A PARDA": 744,
    "20-24 ANOS, RA\u00c7A IND\u00cdGENA": 186,
    "20-24 ANOS, RA\u00c7A AMARELA": 0,
    "20 A 24 ANOS, ALFABETIZADAS": 1163,
    "total_jovens": 1184,
    "total_jovens_alfabetizados": 1163,
    "taxa_alfabetizacao_jovens": 98.22635135135135,
    "total_jovens_branca": 109,
    "total_jovens_preta": 75,
    "total_jovens_parda": 744,
    "total_jovens_indigena": 186,
    "total_jovens_amarela": 0,
    "N_PESSOAS": 15761,
    "renda_media_final": 1449.1894035911428,
    "vul_score_final": 0.5166697838151827
  },
  "25-29": {
    "NM_MUN_demanda": "NOVO AIR\u00c3O",
    "25-29 ANOS": 1196,
    "25-29 ANOS, RA\u00c7A BRANCA": 113,
    "25-29 ANOS, RA\u00c7A PRETA": 48,
    "25-29 ANOS, RA\u00c7A PARDA": 790,
    "25-29 ANOS, RA\u00c7A IND\u00cdGENA": 162,
    "25-29 ANOS, RA\u00c7A AMARELA": 0,
    "25 A 29 ANOS, ALFABETIZADAS": 1165,
    "total_jovens": 1196,
    "total_jovens_alfabetizados": 1165,
    "taxa_alfabetizacao_jovens": 97.40802675585284,
    "total_jovens_branca": 113,
    "total_jovens_preta": 48,
    "total_jovens_parda": 790,
    "total_jovens_indigena": 162,
    "total_jovens_amarela": 0,
    "N_PESSOAS": 15761,
    "renda_media_final": 1449.1894035911428,
    "vul_score_final": 0.5166697838151827
  }
}