{
  "geral": {
    "NM_MUN_demanda": "PARINTINS",
    "15-19 ANOS": 10242,
    "20-24 ANOS": 9389,
    "25-29 ANOS": 7842,
    "15-19 ANOS, RA\u00c7A BRANCA": 1016,
    "20-24 ANOS, RA\u00c7A BRANCA": 850,
    "25-29 ANOS, RA\u00c7A BRANCA": 719,
    "15-19 ANOS, RA\u00c7A PRETA": 172,
    "20-24 ANOS, RA\u00c7A PRETA": 193,
    "25-29 ANOS, RA\u00c7A PRETA": 183,
    "15-19 ANOS, RA\u00c7A PARDA": 8643,
    "20-24 ANOS, RA\u00c7A PARDA": 7933,
    "25-29 ANOS, RA\u00c7A PARDA": 6572,
    "15-19 ANOS, RA\u00c7A IND\u00cdGENA": 162,
    "20-24 ANOS, RA\u00c7A IND\u00cdGENA": 128,
    "25-29 ANOS, RA\u00c7A IND\u00cdGENA": 81,
    "15-19 ANOS, RA\u00c7A AMARELA": 0,
    "20-24 ANOS, RA\u00c7A AMARELA": 0,
    "25-29 ANOS, RA\u00c7A AMARELA": 0,
    "15 A 19 ANOS, ALFABETIZADAS": 10168,
    "20 A 24 ANOS, ALFABETIZADAS": 9281,
    "25 A 29 ANOS, ALFABETIZADAS": 7765,
    "total_jovens": 27473,
    "total_jovens_alfabetizados": 27214,
    "taxa_alfabetizacao_jovens": 99.0572562151931,
    "total_jovens_branca": 2585,
    "total_jovens_preta": 548,
    "total_jovens_parda": 23148,
    "total_jovens_indigena": 371,
    "total_jovens_amarela": 0,
    "N_PESSOAS": 96372,
    "renda_media_final": 1580.3882735649358,
    "vul_score_final": 0.5810737018933567
  },
  "15-19": {
    "NM_MUN_demanda": "PARINTINS",
    "15-19 ANOS": 10242,
    "15-19 ANOS, RA\u00c7A BRANCA": 1016,
    "15-19 ANOS, RA\u00c7A PRETA": 172,
    "15-19 ANOS, RA\u00c7A PARDA": 8643,
    "15-19 ANOS, RA\u00c7A IND\u00cdGENA": 162,
    "15-19 ANOS, RA\u00c7A AMARELA": 0,
    "15 A 19 ANOS, ALFABETIZADAS": 10168,
    "total_jovens": 10242,
    "total_jovens_alfabetizados": 10168,
    "taxa_alfabetizacao_jovens": 99.27748486623706,
    "total_jovens_branca": 1016,
    "total_jovens_preta": 172,
    "total_jovens_parda": 8643,
    "total_jovens_indigena": 162,
    "total_jovens_amarela": 0,
    "N_PESSOAS": 96372,
    "renda_media_final": 1580.3882735649358,
    "vul_score_final": 0.5810737018933567
  },
  "20-24": {
    "NM_MUN_demanda": "PARINTINS",
    "20-24 ANOS": 9389,
    "20-24 ANOS, RA\u00c7A BRANCA": 850,
    "20-24 ANOS, RA\u00c7A PRETA": 193,
    "20-24 ANOS, RA\u00c7A PARDA": 7933,
    "20-24 ANOS, RA\u00c7A IND\u00cdGENA": 128,
    "20-24 ANOS, RA\u00c7A AMARELA": 0,
    "20 A 24 ANOS, ALFABETIZADAS": 9281,
    "total_jovens": 9389,
    "total_jovens_alfabetizados": 9281,
    "taxa_alfabetizacao_jovens": 98.84971775481947,
    "total_jovens_branca": 850,
    "total_jovens_preta": 193,
    "total_jovens_parda": 7933,
    "total_jovens_indigena": 128,
    "total_jovens_amarela": 0,
    "N_PESSOAS": 96372,
    "renda_media_final": 1580.3882735649358,
    "vul_score_final": 0.5810737018933567
  },
  "25-29": {
    "NM_MUN_demanda": "PARINTINS",
    "25-29 ANOS": 7842,
    "25-29 ANOS, RA\u00c7A BRANCA": 719,
    "25-29 ANOS, RA\u00c7A PRETA": 183,
    "25-29 ANOS, RA\u00c7A PARDA": 6572,
    "25-29 ANOS, RA\u00c7A IND\u00cdGENA": 81,
    "25-29 ANOS, RA\u00c7A AMARELA": 0,
    "25 A 29 ANOS, ALFABETIZADAS": 7765,
    "total_jovens": 7842,
    "total_jovens_alfabetizados": 7765,
    "taxa_alfabetizacao_jovens": 99.01810762560571,
    "total_jovens_branca": 719,
    "total_jovens_preta": 183,
    "total_jovens_parda": 6572,
    "total_jovens_indigena": 81,
    "total_jovens_amarela": 0,
    "N_PESSOAS": 96372,
    "renda_media_final": 1580.3882735649358,
    "vul_score_final": 0.5810737018933567
  }
}