{
  "geral": {
    "NM_MUN_demanda": "PAUINI",
    "15-19 ANOS": 2175,
    "20-24 ANOS": 2102,
    "25-29 ANOS": 1531,
    "15-19 ANOS, RA\u00c7A BRANCA": 300,
    "20-24 ANOS, RA\u00c7A BRANCA": 285,
    "25-29 ANOS, RA\u00c7A BRANCA": 214,
    "15-19 ANOS, RA\u00c7A PRETA": 105,
    "20-24 ANOS, RA\u00c7A PRETA": 97,
    "25-29 ANOS, RA\u00c7A PRETA": 56,
    "15-19 ANOS, RA\u00c7A PARDA": 1428,
    "20-24 ANOS, RA\u00c7A PARDA": 1475,
    "25-29 ANOS, RA\u00c7A PARDA": 1082,
    "15-19 ANOS, RA\u00c7A IND\u00cdGENA": 297,
    "20-24 ANOS, RA\u00c7A IND\u00cdGENA": 209,
    "25-29 ANOS, RA\u00c7A IND\u00cdGENA": 132,
    "15-19 ANOS, RA\u00c7A AMARELA": 0,
    "20-24 ANOS, RA\u00c7A AMARELA": 0,
    "25-29 ANOS, RA\u00c7A AMARELA": 0,
    "15 A 19 ANOS, ALFABETIZADAS": 1912,
    "20 A 24 ANOS, ALFABETIZADAS": 1790,
    "25 A 29 ANOS, ALFABETIZADAS": 1330,
    "total_jovens": 5808,
    "total_jovens_alfabetizados": 5032,
    "taxa_alfabetizacao_jovens": 86.63911845730028,
    "total_jovens_branca": 799,
    "total_jovens_preta": 258,
    "total_jovens_parda": 3985,
    "total_jovens_indigena": 638,
    "total_jovens_amarela": 0,
    "N_PESSOAS": 19373,
    "renda_media_final": 1229.996504929541,
    "vul_score_final": 0.5726767611895901
  },
  "15-19": {
    "NM_MUN_demanda": "PAUINI",
    "15-19 ANOS": 2175,
    "15-19 ANOS, RA\u00c7A BRANCA": 300,
    "15-19 ANOS, RA\u00c7A PRETA": 105,
    "15-19 ANOS, RA\u00c7A PARDA": 1428,
    "15-19 ANOS, RA\u00c7A IND\u00cdGENA": 297,
    "15-19 ANOS, RA\u00c7A AMARELA": 0,
    "15 A 19 ANOS, ALFABETIZADAS": 1912,
    "total_jovens": 2175,
    "total_jovens_alfabetizados": 1912,
    "taxa_alfabetizacao_jovens": 87.9080459770115,
    "total_jovens_branca": 300,
    "total_jovens_preta": 105,
    "total_jovens_parda": 1428,
    "total_jovens_indigena": 297,
    "total_jovens_amarela": 0,
    "N_PESSOAS": 19373,
    "renda_media_final": 1229.996504929541,
    "vul_score_final": 0.5726767611895901
  },
  "20-24": {
    "NM_MUN_demanda": "PAUINI",
    "20-24 ANOS": 2102,
    "20-24 ANOS, RA\u00c7A BRANCA": 285,
    "20-24 ANOS, RA\u00c7A PRETA": 97,
    "20-24 ANOS, RA\u00c7A PARDA": 1475,
    "20-24 ANOS, RA\u00c7A IND\u00cdGENA": 209,
    "20-24 ANOS, RA\u00c7A AMARELA": 0,
    "20 A 24 ANOS, ALFABETIZADAS": 1790,
    "total_jovens": 2102,
    "total_jovens_alfabetizados": 1790,
    "taxa_alfabetizacao_jovens": 85.1569933396765,
    "total_jovens_branca": 285,
    "total_jovens_preta": 97,
    "total_jovens_parda": 1475,
    "total_jovens_indigena": 209,
    "total_jovens_amarela": 0,
    "N_PESSOAS": 19373,
    "renda_media_final": 1229.996504929541,
    "vul_score_final": 0.5726767611895901
  },
  "25-29": {
    "NM_MUN_demanda": "PAUINI",
    "25-29 ANOS": 1531,
    "25-29 ANOS, RA\u00c7A BRANCA": 214,
    "25-29 ANOS, RA\u00c7A PRETA": 56,
    "25-29 ANOS, RA\u00c7A PARDA": 1082,
    "25-29 ANOS, RA\u00c7A IND\u00cdGENA": 132,
    "25-29 ANOS, RA\u00c7A AMARELA": 0,
    "25 A 29 ANOS, ALFABETIZADAS": 1330,
    "total_jovens": 1531,
    "total_jovens_alfabetizados": 1330,
    "taxa_alfabetizacao_jovens": 86.87132593076421,
    "total_jovens_branca": 214,
    "total_jovens_preta": 56,
    "total_jovens_parda": 1082,
    "total_jovens_indigena": 132,
    "total_jovens_amarela": 0,
    "N_PESSOAS": 19373,
    "renda_media_final": 1229.996504929541,
    "vul_score_final": 0.5726767611895901
  }
}