{
  "geral": {
    "NM_MUN_demanda": "PRESIDENTE FIGUEIREDO",
    "15-19 ANOS": 2906,
    "20-24 ANOS": 2489,
    "25-29 ANOS": 2263,
    "15-19 ANOS, RA\u00c7A BRANCA": 478,
    "20-24 ANOS, RA\u00c7A BRANCA": 403,
    "25-29 ANOS, RA\u00c7A BRANCA": 341,
    "15-19 ANOS, RA\u00c7A PRETA": 104,
    "20-24 ANOS, RA\u00c7A PRETA": 126,
    "25-29 ANOS, RA\u00c7A PRETA": 112,
    "15-19 ANOS, RA\u00c7A PARDA": 2164,
    "20-24 ANOS, RA\u00c7A PARDA": 1813,
    "25-29 ANOS, RA\u00c7A PARDA": 1680,
    "15-19 ANOS, RA\u00c7A IND\u00cdGENA": 55,
    "20-24 ANOS, RA\u00c7A IND\u00cdGENA": 50,
    "25-29 ANOS, RA\u00c7A IND\u00cdGENA": 23,
    "15-19 ANOS, RA\u00c7A AMARELA": 0,
    "20-24 ANOS, RA\u00c7A AMARELA": 0,
    "25-29 ANOS, RA\u00c7A AMARELA": 0,
    "15 A 19 ANOS, ALFABETIZADAS": 2836,
    "20 A 24 ANOS, ALFABETIZADAS": 2435,
    "25 A 29 ANOS, ALFABETIZADAS": 2195,
    "total_jovens": 7658,
    "total_jovens_alfabetizados": 7466,
    "taxa_alfabetizacao_jovens": 97.49281796813789,
    "total_jovens_branca": 1222,
    "total_jovens_preta": 342,
    "total_jovens_parda": 5657,
    "total_jovens_indigena": 128,
    "total_jovens_amarela": 0,
    "N_PESSOAS": 30668,
    "renda_media_final": 1876.3028453110735,
    "vul_score_final": 0.5715245366111249
  },
  "15-19": {
    "NM_MUN_demanda": "PRESIDENTE FIGUEIREDO",
    "15-19 ANOS": 2906,
    "15-19 ANOS, RA\u00c7A BRANCA": 478,
    "15-19 ANOS, RA\u00c7A PRETA": 104,
    "15-19 ANOS, RA\u00c7A PARDA": 2164,
    "15-19 ANOS, RA\u00c7A IND\u00cdGENA": 55,
    "15-19 ANOS, RA\u00c7A AMARELA": 0,
    "15 A 19 ANOS, ALFABETIZADAS": 2836,
    "total_jovens": 2906,
    "total_jovens_alfabetizados": 2836,
    "taxa_alfabetizacao_jovens": 97.59119064005506,
    "total_jovens_branca": 478,
    "total_jovens_preta": 104,
    "total_jovens_parda": 2164,
    "total_jovens_indigena": 55,
    "total_jovens_amarela": 0,
    "N_PESSOAS": 30668,
    "renda_media_final": 1876.3028453110735,
    "vul_score_final": 0.5715245366111249
  },
  "20-24": {
    "NM_MUN_demanda": "PRESIDENTE FIGUEIREDO",
    "20-24 ANOS": 2489,
    "20-24 ANOS, RA\u00c7A BRANCA": 403,
    "20-24 ANOS, RA\u00c7A PRETA": 126,
    "20-24 ANOS, RA\u00c7A PARDA": 1813,
    "20-24 ANOS, RA\u00c7A IND\u00cdGENA": 50,
    "20-24 ANOS, RA\u00c7A AMARELA": 0,
    "20 A 24 ANOS, ALFABETIZADAS": 2435,
    "total_jovens": 2489,
    "total_jovens_alfabetizados": 2435,
    "taxa_alfabetizacao_jovens": 97.8304539975894,
    "total_jovens_branca": 403,
    "total_jovens_preta": 126,
    "total_jovens_parda": 1813,
    "total_jovens_indigena": 50,
    "total_jovens_amarela": 0,
    "N_PESSOAS": 30668,
    "renda_media_final": 1876.3028453110735,
    "vul_score_final": 0.5715245366111249
  },
  "25-29": {
    "NM_MUN_demanda": "PRESIDENTE FIGUEIREDO",
    "25-29 ANOS": 2263,
    "25-29 ANOS, RA\u00c7A BRANCA": 341,
    "25-29 ANOS, RA\u00c7A PRETA": 112,
    "25-29 ANOS, RA\u00c7A PARDA": 1680,
    "25-29 ANOS, RA\u00c7A IND\u00cdGENA": 23,
    "25-29 ANOS, RA\u00c7A AMARELA": 0,
    "25 A 29 ANOS, ALFABETIZADAS": 2195,
    "total_jovens": 2263,
    "total_jovens_alfabetizados": 2195,
    "taxa_alfabetizacao_jovens": 96.99513919575784,
    "total_jovens_branca": 341,
    "total_jovens_preta": 112,
    "total_jovens_parda": 1680,
    "total_jovens_indigena": 23,
    "total_jovens_amarela": 0,
    "N_PESSOAS": 30668,
    "renda_media_final": 1876.3028453110735,
    "vul_score_final": 0.5715245366111249
  }
}