{
  "geral": {
    "NM_MUN_demanda": "RIO PRETO DA EVA",
    "15-19 ANOS": 2213,
    "20-24 ANOS": 1998,
    "25-29 ANOS": 1788,
    "15-19 ANOS, RA\u00c7A BRANCA": 331,
    "20-24 ANOS, RA\u00c7A BRANCA": 290,
    "25-29 ANOS, RA\u00c7A BRANCA": 218,
    "15-19 ANOS, RA\u00c7A PRETA": 116,
    "20-24 ANOS, RA\u00c7A PRETA": 114,
    "25-29 ANOS, RA\u00c7A PRETA": 92,
    "15-19 ANOS, RA\u00c7A PARDA": 1626,
    "20-24 ANOS, RA\u00c7A PARDA": 1449,
    "25-29 ANOS, RA\u00c7A PARDA": 1359,
    "15-19 ANOS, RA\u00c7A IND\u00cdGENA": 56,
    "20-24 ANOS, RA\u00c7A IND\u00cdGENA": 21,
    "25-29 ANOS, RA\u00c7A IND\u00cdGENA": 20,
    "15-19 ANOS, RA\u00c7A AMARELA": 0,
    "20-24 ANOS, RA\u00c7A AMARELA": 0,
    "25-29 ANOS, RA\u00c7A AMARELA": 0,
    "15 A 19 ANOS, ALFABETIZADAS": 2162,
    "20 A 24 ANOS, ALFABETIZADAS": 1954,
    "25 A 29 ANOS, ALFABETIZADAS": 1746,
    "total_jovens": 5999,
    "total_jovens_alfabetizados": 5862,
    "taxa_alfabetizacao_jovens": 97.71628604767461,
    "total_jovens_branca": 839,
    "total_jovens_preta": 322,
    "total_jovens_parda": 4434,
    "total_jovens_indigena": 97,
    "total_jovens_amarela": 0,
    "N_PESSOAS": 24936,
    "renda_media_final": 1853.3915936798203,
    "vul_score_final": 0.5669039055832079
  },
  "15-19": {
    "NM_MUN_demanda": "RIO PRETO DA EVA",
    "15-19 ANOS": 2213,
    "15-19 ANOS, RA\u00c7A BRANCA": 331,
    "15-19 ANOS, RA\u00c7A PRETA": 116,
    "15-19 ANOS, RA\u00c7A PARDA": 1626,
    "15-19 ANOS, RA\u00c7A IND\u00cdGENA": 56,
    "15-19 ANOS, RA\u00c7A AMARELA": 0,
    "15 A 19 ANOS, ALFABETIZADAS": 2162,
    "total_jovens": 2213,
    "total_jovens_alfabetizados": 2162,
    "taxa_alfabetizacao_jovens": 97.69543605964753,
    "total_jovens_branca": 331,
    "total_jovens_preta": 116,
    "total_jovens_parda": 1626,
    "total_jovens_indigena": 56,
    "total_jovens_amarela": 0,
    "N_PESSOAS": 24936,
    "renda_media_final": 1853.3915936798203,
    "vul_score_final": 0.5669039055832079
  },
  "20-24": {
    "NM_MUN_demanda": "RIO PRETO DA EVA",
    "20-24 ANOS": 1998,
    "20-24 ANOS, RA\u00c7A BRANCA": 290,
    "20-24 ANOS, RA\u00c7A PRETA": 114,
    "20-24 ANOS, RA\u00c7A PARDA": 1449,
    "20-24 ANOS, RA\u00c7A IND\u00cdGENA": 21,
    "20-24 ANOS, RA\u00c7A AMARELA": 0,
    "20 A 24 ANOS, ALFABETIZADAS": 1954,
    "total_jovens": 1998,
    "total_jovens_alfabetizados": 1954,
    "taxa_alfabetizacao_jovens": 97.7977977977978,
    "total_jovens_branca": 290,
    "total_jovens_preta": 114,
    "total_jovens_parda": 1449,
    "total_jovens_indigena": 21,
    "total_jovens_amarela": 0,
    "N_PESSOAS": 24936,
    "renda_media_final": 1853.3915936798203,
    "vul_score_final": 0.5669039055832079
  },
  "25-29": {
    "NM_MUN_demanda": "RIO PRETO DA EVA",
    "25-29 ANOS": 1788,
    "25-29 ANOS, RA\u00c7A BRANCA": 218,
    "25-29 ANOS, RA\u00c7A PRETA": 92,
    "25-29 ANOS, RA\u00c7A PARDA": 1359,
    "25-29 ANOS, RA\u00c7A IND\u00cdGENA": 20,
    "25-29 ANOS, RA\u00c7A AMARELA": 0,
    "25 A 29 ANOS, ALFABETIZADAS": 1746,
    "total_jovens": 1788,
    "total_jovens_alfabetizados": 1746,
    "taxa_alfabetizacao_jovens": 97.6510067114094,
    "total_jovens_branca": 218,
    "total_jovens_preta": 92,
    "total_jovens_parda": 1359,
    "total_jovens_indigena": 20,
    "total_jovens_amarela": 0,
    "N_PESSOAS": 24936,
    "renda_media_final": 1853.3915936798203,
    "vul_score_final": 0.5669039055832079
  }
}