{
  "geral": {
    "NM_MUN_demanda": "SANTO ANT\u00d4NIO DO I\u00c7\u00c1",
    "15-19 ANOS": 3105,
    "20-24 ANOS": 2781,
    "25-29 ANOS": 2115,
    "15-19 ANOS, RA\u00c7A BRANCA": 118,
    "20-24 ANOS, RA\u00c7A BRANCA": 108,
    "25-29 ANOS, RA\u00c7A BRANCA": 46,
    "15-19 ANOS, RA\u00c7A PRETA": 36,
    "20-24 ANOS, RA\u00c7A PRETA": 18,
    "25-29 ANOS, RA\u00c7A PRETA": 23,
    "15-19 ANOS, RA\u00c7A PARDA": 1327,
    "20-24 ANOS, RA\u00c7A PARDA": 1224,
    "25-29 ANOS, RA\u00c7A PARDA": 978,
    "15-19 ANOS, RA\u00c7A IND\u00cdGENA": 1583,
    "20-24 ANOS, RA\u00c7A IND\u00cdGENA": 1375,
    "25-29 ANOS, RA\u00c7A IND\u00cdGENA": 1009,
    "15-19 ANOS, RA\u00c7A AMARELA": 0,
    "20-24 ANOS, RA\u00c7A AMARELA": 0,
    "25-29 ANOS, RA\u00c7A AMARELA": 0,
    "15 A 19 ANOS, ALFABETIZADAS": 3003,
    "20 A 24 ANOS, ALFABETIZADAS": 2695,
    "25 A 29 ANOS, ALFABETIZADAS": 1999,
    "total_jovens": 8001,
    "total_jovens_alfabetizados": 7697,
    "taxa_alfabetizacao_jovens": 96.20047494063242,
    "total_jovens_branca": 272,
    "total_jovens_preta": 77,
    "total_jovens_parda": 3529,
    "total_jovens_indigena": 3967,
    "total_jovens_amarela": 0,
    "N_PESSOAS": 28211,
    "renda_media_final": 1278.012742901705,
    "vul_score_final": 0.6244650381549423
  },
  "15-19": {
    "NM_MUN_demanda": "SANTO ANT\u00d4NIO DO I\u00c7\u00c1",
    "15-19 ANOS": 3105,
    "15-19 ANOS, RA\u00c7A BRANCA": 118,
    "15-19 ANOS, RA\u00c7A PRETA": 36,
    "15-19 ANOS, RA\u00c7A PARDA": 1327,
    "15-19 ANOS, RA\u00c7A IND\u00cdGENA": 1583,
    "15-19 ANOS, RA\u00c7A AMARELA": 0,
    "15 A 19 ANOS, ALFABETIZADAS": 3003,
    "total_jovens": 3105,
    "total_jovens_alfabetizados": 3003,
    "taxa_alfabetizacao_jovens": 96.71497584541063,
    "total_jovens_branca": 118,
    "total_jovens_preta": 36,
    "total_jovens_parda": 1327,
    "total_jovens_indigena": 1583,
    "total_jovens_amarela": 0,
    "N_PESSOAS": 28211,
    "renda_media_final": 1278.012742901705,
    "vul_score_final": 0.6244650381549423
  },
  "20-24": {
    "NM_MUN_demanda": "SANTO ANT\u00d4NIO DO I\u00c7\u00c1",
    "20-24 ANOS": 2781,
    "20-24 ANOS, RA\u00c7A BRANCA": 108,
    "20-24 ANOS, RA\u00c7A PRETA": 18,
    "20-24 ANOS, RA\u00c7A PARDA": 1224,
    "20-24 ANOS, RA\u00c7A IND\u00cdGENA": 1375,
    "20-24 ANOS, RA\u00c7A AMARELA": 0,
    "20 A 24 ANOS, ALFABETIZADAS": 2695,
    "total_jovens": 2781,
    "total_jovens_alfabetizados": 2695,
    "taxa_alfabetizacao_jovens": 96.90758719884933,
    "total_jovens_branca": 108,
    "total_jovens_preta": 18,
    "total_jovens_parda": 1224,
    "total_jovens_indigena": 1375,
    "total_jovens_amarela": 0,
    "N_PESSOAS": 28211,
    "renda_media_final": 1278.012742901705,
    "vul_score_final": 0.6244650381549423
  },
  "25-29": {
    "NM_MUN_demanda": "SANTO ANT\u00d4NIO DO I\u00c7\u00c1",
    "25-29 ANOS": 2115,
    "25-29 ANOS, RA\u00c7A BRANCA": 46,
    "25-29 ANOS, RA\u00c7A PRETA": 23,
    "25-29 ANOS, RA\u00c7A PARDA": 978,
    "25-29 ANOS, RA\u00c7A IND\u00cdGENA": 1009,
    "25-29 ANOS, RA\u00c7A AMARELA": 0,
    "25 A 29 ANOS, ALFABETIZADAS": 1999,
    "total_jovens": 2115,
    "total_jovens_alfabetizados": 1999,
    "taxa_alfabetizacao_jovens": 94.51536643026004,
    "total_jovens_branca": 46,
    "total_jovens_preta": 23,
    "total_jovens_parda": 978,
    "total_jovens_indigena": 1009,
    "total_jovens_amarela": 0,
    "N_PESSOAS": 28211,
    "renda_media_final": 1278.012742901705,
    "vul_score_final": 0.6244650381549423
  }
}