{
  "geral": {
    "NM_MUN_demanda": "SANTA ISABEL DO RIO NEGRO",
    "15-19 ANOS": 1432,
    "20-24 ANOS": 1192,
    "25-29 ANOS": 1033,
    "15-19 ANOS, RA\u00c7A BRANCA": 13,
    "20-24 ANOS, RA\u00c7A BRANCA": 7,
    "25-29 ANOS, RA\u00c7A BRANCA": 7,
    "15-19 ANOS, RA\u00c7A PRETA": 5,
    "20-24 ANOS, RA\u00c7A PRETA": 12,
    "25-29 ANOS, RA\u00c7A PRETA": 3,
    "15-19 ANOS, RA\u00c7A PARDA": 164,
    "20-24 ANOS, RA\u00c7A PARDA": 138,
    "25-29 ANOS, RA\u00c7A PARDA": 143,
    "15-19 ANOS, RA\u00c7A IND\u00cdGENA": 1232,
    "20-24 ANOS, RA\u00c7A IND\u00cdGENA": 1021,
    "25-29 ANOS, RA\u00c7A IND\u00cdGENA": 870,
    "15-19 ANOS, RA\u00c7A AMARELA": 0,
    "20-24 ANOS, RA\u00c7A AMARELA": 0,
    "25-29 ANOS, RA\u00c7A AMARELA": 0,
    "15 A 19 ANOS, ALFABETIZADAS": 1289,
    "20 A 24 ANOS, ALFABETIZADAS": 1088,
    "25 A 29 ANOS, ALFABETIZADAS": 952,
    "total_jovens": 3657,
    "total_jovens_alfabetizados": 3329,
    "taxa_alfabetizacao_jovens": 91.03089964451736,
    "total_jovens_branca": 27,
    "total_jovens_preta": 20,
    "total_jovens_parda": 445,
    "total_jovens_indigena": 3123,
    "total_jovens_amarela": 0,
    "N_PESSOAS": 14164,
    "renda_media_final": 1394.004341993787,
    "vul_score_final": 0.5265021702608211
  },
  "15-19": {
    "NM_MUN_demanda": "SANTA ISABEL DO RIO NEGRO",
    "15-19 ANOS": 1432,
    "15-19 ANOS, RA\u00c7A BRANCA": 13,
    "15-19 ANOS, RA\u00c7A PRETA": 5,
    "15-19 ANOS, RA\u00c7A PARDA": 164,
    "15-19 ANOS, RA\u00c7A IND\u00cdGENA": 1232,
    "15-19 ANOS, RA\u00c7A AMARELA": 0,
    "15 A 19 ANOS, ALFABETIZADAS": 1289,
    "total_jovens": 1432,
    "total_jovens_alfabetizados": 1289,
    "taxa_alfabetizacao_jovens": 90.01396648044692,
    "total_jovens_branca": 13,
    "total_jovens_preta": 5,
    "total_jovens_parda": 164,
    "total_jovens_indigena": 1232,
    "total_jovens_amarela": 0,
    "N_PESSOAS": 14164,
    "renda_media_final": 1394.004341993787,
    "vul_score_final": 0.5265021702608211
  },
  "20-24": {
    "NM_MUN_demanda": "SANTA ISABEL DO RIO NEGRO",
    "20-24 ANOS": 1192,
    "20-24 ANOS, RA\u00c7A BRANCA": 7,
    "20-24 ANOS, RA\u00c7A PRETA": 12,
    "20-24 ANOS, RA\u00c7A PARDA": 138,
    "20-24 ANOS, RA\u00c7A IND\u00cdGENA": 1021,
    "20-24 ANOS, RA\u00c7A AMARELA": 0,
    "20 A 24 ANOS, ALFABETIZADAS": 1088,
    "total_jovens": 1192,
    "total_jovens_alfabetizados": 1088,
    "taxa_alfabetizacao_jovens": 91.2751677852349,
    "total_jovens_branca": 7,
    "total_jovens_preta": 12,
    "total_jovens_parda": 138,
    "total_jovens_indigena": 1021,
    "total_jovens_amarela": 0,
    "N_PESSOAS": 14164,
    "renda_media_final": 1394.004341993787,
    "vul_score_final": 0.5265021702608211
  },
  "25-29": {
    "NM_MUN_demanda": "SANTA ISABEL DO RIO NEGRO",
    "25-29 ANOS": 1033,
    "25-29 ANOS, RA\u00c7A BRANCA": 7,
    "25-29 ANOS, RA\u00c7A PRETA": 3,
    "25-29 ANOS, RA\u00c7A PARDA": 143,
    "25-29 ANOS, RA\u00c7A IND\u00cdGENA": 870,
    "25-29 ANOS, RA\u00c7A AMARELA": 0,
    "25 A 29 ANOS, ALFABETIZADAS": 952,
    "total_jovens": 1033,
    "total_jovens_alfabetizados": 952,
    "taxa_alfabetizacao_jovens": 92.15876089060987,
    "total_jovens_branca": 7,
    "total_jovens_preta": 3,
    "total_jovens_parda": 143,
    "total_jovens_indigena": 870,
    "total_jovens_amarela": 0,
    "N_PESSOAS": 14164,
    "renda_media_final": 1394.004341993787,
    "vul_score_final": 0.5265021702608211
  }
}