{
  "geral": {
    "NM_MUN_demanda": "SILVES",
    "15-19 ANOS": 1116,
    "20-24 ANOS": 1009,
    "25-29 ANOS": 870,
    "15-19 ANOS, RA\u00c7A BRANCA": 111,
    "20-24 ANOS, RA\u00c7A BRANCA": 88,
    "25-29 ANOS, RA\u00c7A BRANCA": 56,
    "15-19 ANOS, RA\u00c7A PRETA": 44,
    "20-24 ANOS, RA\u00c7A PRETA": 45,
    "25-29 ANOS, RA\u00c7A PRETA": 50,
    "15-19 ANOS, RA\u00c7A PARDA": 890,
    "20-24 ANOS, RA\u00c7A PARDA": 814,
    "25-29 ANOS, RA\u00c7A PARDA": 710,
    "15-19 ANOS, RA\u00c7A IND\u00cdGENA": 39,
    "20-24 ANOS, RA\u00c7A IND\u00cdGENA": 38,
    "25-29 ANOS, RA\u00c7A IND\u00cdGENA": 23,
    "15-19 ANOS, RA\u00c7A AMARELA": 0,
    "20-24 ANOS, RA\u00c7A AMARELA": 0,
    "25-29 ANOS, RA\u00c7A AMARELA": 0,
    "15 A 19 ANOS, ALFABETIZADAS": 1094,
    "20 A 24 ANOS, ALFABETIZADAS": 994,
    "25 A 29 ANOS, ALFABETIZADAS": 859,
    "total_jovens": 2995,
    "total_jovens_alfabetizados": 2947,
    "taxa_alfabetizacao_jovens": 98.39732888146912,
    "total_jovens_branca": 255,
    "total_jovens_preta": 139,
    "total_jovens_parda": 2414,
    "total_jovens_indigena": 100,
    "total_jovens_amarela": 0,
    "N_PESSOAS": 11559,
    "renda_media_final": 1266.8817735098191,
    "vul_score_final": 0.5264540482573513
  },
  "15-19": {
    "NM_MUN_demanda": "SILVES",
    "15-19 ANOS": 1116,
    "15-19 ANOS, RA\u00c7A BRANCA": 111,
    "15-19 ANOS, RA\u00c7A PRETA": 44,
    "15-19 ANOS, RA\u00c7A PARDA": 890,
    "15-19 ANOS, RA\u00c7A IND\u00cdGENA": 39,
    "15-19 ANOS, RA\u00c7A AMARELA": 0,
    "15 A 19 ANOS, ALFABETIZADAS": 1094,
    "total_jovens": 1116,
    "total_jovens_alfabetizados": 1094,
    "taxa_alfabetizacao_jovens": 98.02867383512545,
    "total_jovens_branca": 111,
    "total_jovens_preta": 44,
    "total_jovens_parda": 890,
    "total_jovens_indigena": 39,
    "total_jovens_amarela": 0,
    "N_PESSOAS": 11559,
    "renda_media_final": 1266.8817735098191,
    "vul_score_final": 0.5264540482573513
  },
  "20-24": {
    "NM_MUN_demanda": "SILVES",
    "20-24 ANOS": 1009,
    "20-24 ANOS, RA\u00c7A BRANCA": 88,
    "20-24 ANOS, RA\u00c7A PRETA": 45,
    "20-24 ANOS, RA\u00c7A PARDA": 814,
    "20-24 ANOS, RA\u00c7A IND\u00cdGENA": 38,
    "20-24 ANOS, RA\u00c7A AMARELA": 0,
    "20 A 24 ANOS, ALFABETIZADAS": 994,
    "total_jovens": 1009,
    "total_jovens_alfabetizados": 994,
    "taxa_alfabetizacao_jovens": 98.51337958374629,
    "total_jovens_branca": 88,
    "total_jovens_preta": 45,
    "total_jovens_parda": 814,
    "total_jovens_indigena": 38,
    "total_jovens_amarela": 0,
    "N_PESSOAS": 11559,
    "renda_media_final": 1266.8817735098191,
    "vul_score_final": 0.5264540482573513
  },
  "25-29": {
    "NM_MUN_demanda": "SILVES",
    "25-29 ANOS": 870,
    "25-29 ANOS, RA\u00c7A BRANCA": 56,
    "25-29 ANOS, RA\u00c7A PRETA": 50,
    "25-29 ANOS, RA\u00c7A PARDA": 710,
    "25-29 ANOS, RA\u00c7A IND\u00cdGENA": 23,
    "25-29 ANOS, RA\u00c7A AMARELA": 0,
    "25 A 29 ANOS, ALFABETIZADAS": 859,
    "total_jovens": 870,
    "total_jovens_alfabetizados": 859,
    "taxa_alfabetizacao_jovens": 98.73563218390805,
    "total_jovens_branca": 56,
    "total_jovens_preta": 50,
    "total_jovens_parda": 710,
    "total_jovens_indigena": 23,
    "total_jovens_amarela": 0,
    "N_PESSOAS": 11559,
    "renda_media_final": 1266.8817735098191,
    "vul_score_final": 0.5264540482573513
  }
}