{
  "geral": {
    "NM_MUN_demanda": "S\u00c3O SEBASTI\u00c3O DO UATUM\u00c3",
    "15-19 ANOS": 1107,
    "20-24 ANOS": 1093,
    "25-29 ANOS": 1026,
    "15-19 ANOS, RA\u00c7A BRANCA": 185,
    "20-24 ANOS, RA\u00c7A BRANCA": 161,
    "25-29 ANOS, RA\u00c7A BRANCA": 170,
    "15-19 ANOS, RA\u00c7A PRETA": 16,
    "20-24 ANOS, RA\u00c7A PRETA": 6,
    "25-29 ANOS, RA\u00c7A PRETA": 20,
    "15-19 ANOS, RA\u00c7A PARDA": 884,
    "20-24 ANOS, RA\u00c7A PARDA": 897,
    "25-29 ANOS, RA\u00c7A PARDA": 813,
    "15-19 ANOS, RA\u00c7A IND\u00cdGENA": 0,
    "20-24 ANOS, RA\u00c7A IND\u00cdGENA": 0,
    "25-29 ANOS, RA\u00c7A IND\u00cdGENA": 0,
    "15-19 ANOS, RA\u00c7A AMARELA": 0,
    "20-24 ANOS, RA\u00c7A AMARELA": 0,
    "25-29 ANOS, RA\u00c7A AMARELA": 0,
    "15 A 19 ANOS, ALFABETIZADAS": 1092,
    "20 A 24 ANOS, ALFABETIZADAS": 1075,
    "25 A 29 ANOS, ALFABETIZADAS": 1004,
    "total_jovens": 3226,
    "total_jovens_alfabetizados": 3171,
    "taxa_alfabetizacao_jovens": 98.29510229386237,
    "total_jovens_branca": 516,
    "total_jovens_preta": 42,
    "total_jovens_parda": 2594,
    "total_jovens_indigena": 0,
    "total_jovens_amarela": 0,
    "N_PESSOAS": 11670,
    "renda_media_final": 1535.923642673522,
    "vul_score_final": 0.5457841292800468
  },
  "15-19": {
    "NM_MUN_demanda": "S\u00c3O SEBASTI\u00c3O DO UATUM\u00c3",
    "15-19 ANOS": 1107,
    "15-19 ANOS, RA\u00c7A BRANCA": 185,
    "15-19 ANOS, RA\u00c7A PRETA": 16,
    "15-19 ANOS, RA\u00c7A PARDA": 884,
    "15-19 ANOS, RA\u00c7A IND\u00cdGENA": 0,
    "15-19 ANOS, RA\u00c7A AMARELA": 0,
    "15 A 19 ANOS, ALFABETIZADAS": 1092,
    "total_jovens": 1107,
    "total_jovens_alfabetizados": 1092,
    "taxa_alfabetizacao_jovens": 98.6449864498645,
    "total_jovens_branca": 185,
    "total_jovens_preta": 16,
    "total_jovens_parda": 884,
    "total_jovens_indigena": 0,
    "total_jovens_amarela": 0,
    "N_PESSOAS": 11670,
    "renda_media_final": 1535.923642673522,
    "vul_score_final": 0.5457841292800468
  },
  "20-24": {
    "NM_MUN_demanda": "S\u00c3O SEBASTI\u00c3O DO UATUM\u00c3",
    "20-24 ANOS": 1093,
    "20-24 ANOS, RA\u00c7A BRANCA": 161,
    "20-24 ANOS, RA\u00c7A PRETA": 6,
    "20-24 ANOS, RA\u00c7A PARDA": 897,
    "20-24 ANOS, RA\u00c7A IND\u00cdGENA": 0,
    "20-24 ANOS, RA\u00c7A AMARELA": 0,
    "20 A 24 ANOS, ALFABETIZADAS": 1075,
    "total_jovens": 1093,
    "total_jovens_alfabetizados": 1075,
    "taxa_alfabetizacao_jovens": 98.35315645013723,
    "total_jovens_branca": 161,
    "total_jovens_preta": 6,
    "total_jovens_parda": 897,
    "total_jovens_indigena": 0,
    "total_jovens_amarela": 0,
    "N_PESSOAS": 11670,
    "renda_media_final": 1535.923642673522,
    "vul_score_final": 0.5457841292800468
  },
  "25-29": {
    "NM_MUN_demanda": "S\u00c3O SEBASTI\u00c3O DO UATUM\u00c3",
    "25-29 ANOS": 1026,
    "25-29 ANOS, RA\u00c7A BRANCA": 170,
    "25-29 ANOS, RA\u00c7A PRETA": 20,
    "25-29 ANOS, RA\u00c7A PARDA": 813,
    "25-29 ANOS, RA\u00c7A IND\u00cdGENA": 0,
    "25-29 ANOS, RA\u00c7A AMARELA": 0,
    "25 A 29 ANOS, ALFABETIZADAS": 1004,
    "total_jovens": 1026,
    "total_jovens_alfabetizados": 1004,
    "taxa_alfabetizacao_jovens": 97.85575048732943,
    "total_jovens_branca": 170,
    "total_jovens_preta": 20,
    "total_jovens_parda": 813,
    "total_jovens_indigena": 0,
    "total_jovens_amarela": 0,
    "N_PESSOAS": 11670,
    "renda_media_final": 1535.923642673522,
    "vul_score_final": 0.5457841292800468
  }
}