{
  "geral": {
    "NM_MUN_demanda": "S\u00c3O GABRIEL DA CACHOEIRA",
    "15-19 ANOS": 5201,
    "20-24 ANOS": 4537,
    "25-29 ANOS": 3838,
    "15-19 ANOS, RA\u00c7A BRANCA": 76,
    "20-24 ANOS, RA\u00c7A BRANCA": 157,
    "25-29 ANOS, RA\u00c7A BRANCA": 147,
    "15-19 ANOS, RA\u00c7A PRETA": 11,
    "20-24 ANOS, RA\u00c7A PRETA": 16,
    "25-29 ANOS, RA\u00c7A PRETA": 34,
    "15-19 ANOS, RA\u00c7A PARDA": 319,
    "20-24 ANOS, RA\u00c7A PARDA": 402,
    "25-29 ANOS, RA\u00c7A PARDA": 385,
    "15-19 ANOS, RA\u00c7A IND\u00cdGENA": 4741,
    "20-24 ANOS, RA\u00c7A IND\u00cdGENA": 3924,
    "25-29 ANOS, RA\u00c7A IND\u00cdGENA": 3219,
    "15-19 ANOS, RA\u00c7A AMARELA": 0,
    "20-24 ANOS, RA\u00c7A AMARELA": 3,
    "25-29 ANOS, RA\u00c7A AMARELA": 0,
    "15 A 19 ANOS, ALFABETIZADAS": 5056,
    "20 A 24 ANOS, ALFABETIZADAS": 4393,
    "25 A 29 ANOS, ALFABETIZADAS": 3711,
    "total_jovens": 13576,
    "total_jovens_alfabetizados": 13160,
    "taxa_alfabetizacao_jovens": 96.93576900412492,
    "total_jovens_branca": 380,
    "total_jovens_preta": 61,
    "total_jovens_parda": 1106,
    "total_jovens_indigena": 11884,
    "total_jovens_amarela": 3,
    "N_PESSOAS": 51795,
    "renda_media_final": 1424.5209873539918,
    "vul_score_final": 0.548743225761547
  },
  "15-19": {
    "NM_MUN_demanda": "S\u00c3O GABRIEL DA CACHOEIRA",
    "15-19 ANOS": 5201,
    "15-19 ANOS, RA\u00c7A BRANCA": 76,
    "15-19 ANOS, RA\u00c7A PRETA": 11,
    "15-19 ANOS, RA\u00c7A PARDA": 319,
    "15-19 ANOS, RA\u00c7A IND\u00cdGENA": 4741,
    "15-19 ANOS, RA\u00c7A AMARELA": 0,
    "15 A 19 ANOS, ALFABETIZADAS": 5056,
    "total_jovens": 5201,
    "total_jovens_alfabetizados": 5056,
    "taxa_alfabetizacao_jovens": 97.21207460103825,
    "total_jovens_branca": 76,
    "total_jovens_preta": 11,
    "total_jovens_parda": 319,
    "total_jovens_indigena": 4741,
    "total_jovens_amarela": 0,
    "N_PESSOAS": 51795,
    "renda_media_final": 1424.5209873539918,
    "vul_score_final": 0.548743225761547
  },
  "20-24": {
    "NM_MUN_demanda": "S\u00c3O GABRIEL DA CACHOEIRA",
    "20-24 ANOS": 4537,
    "20-24 ANOS, RA\u00c7A BRANCA": 157,
    "20-24 ANOS, RA\u00c7A PRETA": 16,
    "20-24 ANOS, RA\u00c7A PARDA": 402,
    "20-24 ANOS, RA\u00c7A IND\u00cdGENA": 3924,
    "20-24 ANOS, RA\u00c7A AMARELA": 3,
    "20 A 24 ANOS, ALFABETIZADAS": 4393,
    "total_jovens": 4537,
    "total_jovens_alfabetizados": 4393,
    "taxa_alfabetizacao_jovens": 96.8260965395636,
    "total_jovens_branca": 157,
    "total_jovens_preta": 16,
    "total_jovens_parda": 402,
    "total_jovens_indigena": 3924,
    "total_jovens_amarela": 3,
    "N_PESSOAS": 51795,
    "renda_media_final": 1424.5209873539918,
    "vul_score_final": 0.548743225761547
  },
  "25-29": {
    "NM_MUN_demanda": "S\u00c3O GABRIEL DA CACHOEIRA",
    "25-29 ANOS": 3838,
    "25-29 ANOS, RA\u00c7A BRANCA": 147,
    "25-29 ANOS, RA\u00c7A PRETA": 34,
    "25-29 ANOS, RA\u00c7A PARDA": 385,
    "25-29 ANOS, RA\u00c7A IND\u00cdGENA": 3219,
    "25-29 ANOS, RA\u00c7A AMARELA": 0,
    "25 A 29 ANOS, ALFABETIZADAS": 3711,
    "total_jovens": 3838,
    "total_jovens_alfabetizados": 3711,
    "taxa_alfabetizacao_jovens": 96.69098488796249,
    "total_jovens_branca": 147,
    "total_jovens_preta": 34,
    "total_jovens_parda": 385,
    "total_jovens_indigena": 3219,
    "total_jovens_amarela": 0,
    "N_PESSOAS": 51795,
    "renda_media_final": 1424.5209873539918,
    "vul_score_final": 0.548743225761547
  }
}