{
  "geral": {
    "NM_MUN_demanda": "S\u00c3O PAULO DE OLIVEN\u00c7A",
    "15-19 ANOS": 3547,
    "20-24 ANOS": 3066,
    "25-29 ANOS": 2440,
    "15-19 ANOS, RA\u00c7A BRANCA": 63,
    "20-24 ANOS, RA\u00c7A BRANCA": 44,
    "25-29 ANOS, RA\u00c7A BRANCA": 36,
    "15-19 ANOS, RA\u00c7A PRETA": 11,
    "20-24 ANOS, RA\u00c7A PRETA": 11,
    "25-29 ANOS, RA\u00c7A PRETA": 0,
    "15-19 ANOS, RA\u00c7A PARDA": 1366,
    "20-24 ANOS, RA\u00c7A PARDA": 1152,
    "25-29 ANOS, RA\u00c7A PARDA": 884,
    "15-19 ANOS, RA\u00c7A IND\u00cdGENA": 2060,
    "20-24 ANOS, RA\u00c7A IND\u00cdGENA": 1812,
    "25-29 ANOS, RA\u00c7A IND\u00cdGENA": 1470,
    "15-19 ANOS, RA\u00c7A AMARELA": 0,
    "20-24 ANOS, RA\u00c7A AMARELA": 0,
    "25-29 ANOS, RA\u00c7A AMARELA": 0,
    "15 A 19 ANOS, ALFABETIZADAS": 3343,
    "20 A 24 ANOS, ALFABETIZADAS": 2878,
    "25 A 29 ANOS, ALFABETIZADAS": 2278,
    "total_jovens": 9053,
    "total_jovens_alfabetizados": 8499,
    "taxa_alfabetizacao_jovens": 93.88048160830664,
    "total_jovens_branca": 143,
    "total_jovens_preta": 22,
    "total_jovens_parda": 3402,
    "total_jovens_indigena": 5342,
    "total_jovens_amarela": 0,
    "N_PESSOAS": 32967,
    "renda_media_final": 1269.280308186975,
    "vul_score_final": 0.5285278774569869
  },
  "15-19": {
    "NM_MUN_demanda": "S\u00c3O PAULO DE OLIVEN\u00c7A",
    "15-19 ANOS": 3547,
    "15-19 ANOS, RA\u00c7A BRANCA": 63,
    "15-19 ANOS, RA\u00c7A PRETA": 11,
    "15-19 ANOS, RA\u00c7A PARDA": 1366,
    "15-19 ANOS, RA\u00c7A IND\u00cdGENA": 2060,
    "15-19 ANOS, RA\u00c7A AMARELA": 0,
    "15 A 19 ANOS, ALFABETIZADAS": 3343,
    "total_jovens": 3547,
    "total_jovens_alfabetizados": 3343,
    "taxa_alfabetizacao_jovens": 94.2486608401466,
    "total_jovens_branca": 63,
    "total_jovens_preta": 11,
    "total_jovens_parda": 1366,
    "total_jovens_indigena": 2060,
    "total_jovens_amarela": 0,
    "N_PESSOAS": 32967,
    "renda_media_final": 1269.280308186975,
    "vul_score_final": 0.5285278774569869
  },
  "20-24": {
    "NM_MUN_demanda": "S\u00c3O PAULO DE OLIVEN\u00c7A",
    "20-24 ANOS": 3066,
    "20-24 ANOS, RA\u00c7A BRANCA": 44,
    "20-24 ANOS, RA\u00c7A PRETA": 11,
    "20-24 ANOS, RA\u00c7A PARDA": 1152,
    "20-24 ANOS, RA\u00c7A IND\u00cdGENA": 1812,
    "20-24 ANOS, RA\u00c7A AMARELA": 0,
    "20 A 24 ANOS, ALFABETIZADAS": 2878,
    "total_jovens": 3066,
    "total_jovens_alfabetizados": 2878,
    "taxa_alfabetizacao_jovens": 93.8682322243966,
    "total_jovens_branca": 44,
    "total_jovens_preta": 11,
    "total_jovens_parda": 1152,
    "total_jovens_indigena": 1812,
    "total_jovens_amarela": 0,
    "N_PESSOAS": 32967,
    "renda_media_final": 1269.280308186975,
    "vul_score_final": 0.5285278774569869
  },
  "25-29": {
    "NM_MUN_demanda": "S\u00c3O PAULO DE OLIVEN\u00c7A",
    "25-29 ANOS": 2440,
    "25-29 ANOS, RA\u00c7A BRANCA": 36,
    "25-29 ANOS, RA\u00c7A PRETA": 0,
    "25-29 ANOS, RA\u00c7A PARDA": 884,
    "25-29 ANOS, RA\u00c7A IND\u00cdGENA": 1470,
    "25-29 ANOS, RA\u00c7A AMARELA": 0,
    "25 A 29 ANOS, ALFABETIZADAS": 2278,
    "total_jovens": 2440,
    "total_jovens_alfabetizados": 2278,
    "taxa_alfabetizacao_jovens": 93.36065573770492,
    "total_jovens_branca": 36,
    "total_jovens_preta": 0,
    "total_jovens_parda": 884,
    "total_jovens_indigena": 1470,
    "total_jovens_amarela": 0,
    "N_PESSOAS": 32967,
    "renda_media_final": 1269.280308186975,
    "vul_score_final": 0.5285278774569869
  }
}