{
  "geral": {
    "NM_MUN_demanda": "TABATINGA",
    "15-19 ANOS": 7096,
    "20-24 ANOS": 6477,
    "25-29 ANOS": 5244,
    "15-19 ANOS, RA\u00c7A BRANCA": 583,
    "20-24 ANOS, RA\u00c7A BRANCA": 554,
    "25-29 ANOS, RA\u00c7A BRANCA": 446,
    "15-19 ANOS, RA\u00c7A PRETA": 86,
    "20-24 ANOS, RA\u00c7A PRETA": 129,
    "25-29 ANOS, RA\u00c7A PRETA": 120,
    "15-19 ANOS, RA\u00c7A PARDA": 3331,
    "20-24 ANOS, RA\u00c7A PARDA": 3082,
    "25-29 ANOS, RA\u00c7A PARDA": 2498,
    "15-19 ANOS, RA\u00c7A IND\u00cdGENA": 2982,
    "20-24 ANOS, RA\u00c7A IND\u00cdGENA": 2589,
    "25-29 ANOS, RA\u00c7A IND\u00cdGENA": 2058,
    "15-19 ANOS, RA\u00c7A AMARELA": 3,
    "20-24 ANOS, RA\u00c7A AMARELA": 7,
    "25-29 ANOS, RA\u00c7A AMARELA": 0,
    "15 A 19 ANOS, ALFABETIZADAS": 6956,
    "20 A 24 ANOS, ALFABETIZADAS": 6324,
    "25 A 29 ANOS, ALFABETIZADAS": 5081,
    "total_jovens": 18817,
    "total_jovens_alfabetizados": 18361,
    "taxa_alfabetizacao_jovens": 97.57665940373067,
    "total_jovens_branca": 1583,
    "total_jovens_preta": 335,
    "total_jovens_parda": 8911,
    "total_jovens_indigena": 7629,
    "total_jovens_amarela": 10,
    "N_PESSOAS": 66764,
    "renda_media_final": 1687.959176652088,
    "vul_score_final": 0.6091355068795358
  },
  "15-19": {
    "NM_MUN_demanda": "TABATINGA",
    "15-19 ANOS": 7096,
    "15-19 ANOS, RA\u00c7A BRANCA": 583,
    "15-19 ANOS, RA\u00c7A PRETA": 86,
    "15-19 ANOS, RA\u00c7A PARDA": 3331,
    "15-19 ANOS, RA\u00c7A IND\u00cdGENA": 2982,
    "15-19 ANOS, RA\u00c7A AMARELA": 3,
    "15 A 19 ANOS, ALFABETIZADAS": 6956,
    "total_jovens": 7096,
    "total_jovens_alfabetizados": 6956,
    "taxa_alfabetizacao_jovens": 98.02705749718152,
    "total_jovens_branca": 583,
    "total_jovens_preta": 86,
    "total_jovens_parda": 3331,
    "total_jovens_indigena": 2982,
    "total_jovens_amarela": 3,
    "N_PESSOAS": 66764,
    "renda_media_final": 1687.959176652088,
    "vul_score_final": 0.6091355068795358
  },
  "20-24": {
    "NM_MUN_demanda": "TABATINGA",
    "20-24 ANOS": 6477,
    "20-24 ANOS, RA\u00c7A BRANCA": 554,
    "20-24 ANOS, RA\u00c7A PRETA": 129,
    "20-24 ANOS, RA\u00c7A PARDA": 3082,
    "20-24 ANOS, RA\u00c7A IND\u00cdGENA": 2589,
    "20-24 ANOS, RA\u00c7A AMARELA": 7,
    "20 A 24 ANOS, ALFABETIZADAS": 6324,
    "total_jovens": 6477,
    "total_jovens_alfabetizados": 6324,
    "taxa_alfabetizacao_jovens": 97.63779527559055,
    "total_jovens_branca": 554,
    "total_jovens_preta": 129,
    "total_jovens_parda": 3082,
    "total_jovens_indigena": 2589,
    "total_jovens_amarela": 7,
    "N_PESSOAS": 66764,
    "renda_media_final": 1687.959176652088,
    "vul_score_final": 0.6091355068795358
  },
  "25-29": {
    "NM_MUN_demanda": "TABATINGA",
    "25-29 ANOS": 5244,
    "25-29 ANOS, RA\u00c7A BRANCA": 446,
    "25-29 ANOS, RA\u00c7A PRETA": 120,
    "25-29 ANOS, RA\u00c7A PARDA": 2498,
    "25-29 ANOS, RA\u00c7A IND\u00cdGENA": 2058,
    "25-29 ANOS, RA\u00c7A AMARELA": 0,
    "25 A 29 ANOS, ALFABETIZADAS": 5081,
    "total_jovens": 5244,
    "total_jovens_alfabetizados": 5081,
    "taxa_alfabetizacao_jovens": 96.89168573607932,
    "total_jovens_branca": 446,
    "total_jovens_preta": 120,
    "total_jovens_parda": 2498,
    "total_jovens_indigena": 2058,
    "total_jovens_amarela": 0,
    "N_PESSOAS": 66764,
    "renda_media_final": 1687.959176652088,
    "vul_score_final": 0.6091355068795358
  }
}