{
  "geral": {
    "NM_MUN_demanda": "TAPAU\u00c1",
    "15-19 ANOS": 2034,
    "20-24 ANOS": 1853,
    "25-29 ANOS": 1565,
    "15-19 ANOS, RA\u00c7A BRANCA": 229,
    "20-24 ANOS, RA\u00c7A BRANCA": 215,
    "25-29 ANOS, RA\u00c7A BRANCA": 153,
    "15-19 ANOS, RA\u00c7A PRETA": 72,
    "20-24 ANOS, RA\u00c7A PRETA": 73,
    "25-29 ANOS, RA\u00c7A PRETA": 55,
    "15-19 ANOS, RA\u00c7A PARDA": 1382,
    "20-24 ANOS, RA\u00c7A PARDA": 1296,
    "25-29 ANOS, RA\u00c7A PARDA": 1145,
    "15-19 ANOS, RA\u00c7A IND\u00cdGENA": 294,
    "20-24 ANOS, RA\u00c7A IND\u00cdGENA": 209,
    "25-29 ANOS, RA\u00c7A IND\u00cdGENA": 141,
    "15-19 ANOS, RA\u00c7A AMARELA": 0,
    "20-24 ANOS, RA\u00c7A AMARELA": 0,
    "25-29 ANOS, RA\u00c7A AMARELA": 0,
    "15 A 19 ANOS, ALFABETIZADAS": 1886,
    "20 A 24 ANOS, ALFABETIZADAS": 1711,
    "25 A 29 ANOS, ALFABETIZADAS": 1440,
    "total_jovens": 5452,
    "total_jovens_alfabetizados": 5037,
    "taxa_alfabetizacao_jovens": 92.38811445341159,
    "total_jovens_branca": 597,
    "total_jovens_preta": 200,
    "total_jovens_parda": 3823,
    "total_jovens_indigena": 644,
    "total_jovens_amarela": 0,
    "N_PESSOAS": 19599,
    "renda_media_final": 1177.0578662176642,
    "vul_score_final": 0.5244786533675738
  },
  "15-19": {
    "NM_MUN_demanda": "TAPAU\u00c1",
    "15-19 ANOS": 2034,
    "15-19 ANOS, RA\u00c7A BRANCA": 229,
    "15-19 ANOS, RA\u00c7A PRETA": 72,
    "15-19 ANOS, RA\u00c7A PARDA": 1382,
    "15-19 ANOS, RA\u00c7A IND\u00cdGENA": 294,
    "15-19 ANOS, RA\u00c7A AMARELA": 0,
    "15 A 19 ANOS, ALFABETIZADAS": 1886,
    "total_jovens": 2034,
    "total_jovens_alfabetizados": 1886,
    "taxa_alfabetizacao_jovens": 92.72369714847592,
    "total_jovens_branca": 229,
    "total_jovens_preta": 72,
    "total_jovens_parda": 1382,
    "total_jovens_indigena": 294,
    "total_jovens_amarela": 0,
    "N_PESSOAS": 19599,
    "renda_media_final": 1177.0578662176642,
    "vul_score_final": 0.5244786533675738
  },
  "20-24": {
    "NM_MUN_demanda": "TAPAU\u00c1",
    "20-24 ANOS": 1853,
    "20-24 ANOS, RA\u00c7A BRANCA": 215,
    "20-24 ANOS, RA\u00c7A PRETA": 73,
    "20-24 ANOS, RA\u00c7A PARDA": 1296,
    "20-24 ANOS, RA\u00c7A IND\u00cdGENA": 209,
    "20-24 ANOS, RA\u00c7A AMARELA": 0,
    "20 A 24 ANOS, ALFABETIZADAS": 1711,
    "total_jovens": 1853,
    "total_jovens_alfabetizados": 1711,
    "taxa_alfabetizacao_jovens": 92.33675121424717,
    "total_jovens_branca": 215,
    "total_jovens_preta": 73,
    "total_jovens_parda": 1296,
    "total_jovens_indigena": 209,
    "total_jovens_amarela": 0,
    "N_PESSOAS": 19599,
    "renda_media_final": 1177.0578662176642,
    "vul_score_final": 0.5244786533675738
  },
  "25-29": {
    "NM_MUN_demanda": "TAPAU\u00c1",
    "25-29 ANOS": 1565,
    "25-29 ANOS, RA\u00c7A BRANCA": 153,
    "25-29 ANOS, RA\u00c7A PRETA": 55,
    "25-29 ANOS, RA\u00c7A PARDA": 1145,
    "25-29 ANOS, RA\u00c7A IND\u00cdGENA": 141,
    "25-29 ANOS, RA\u00c7A AMARELA": 0,
    "25 A 29 ANOS, ALFABETIZADAS": 1440,
    "total_jovens": 1565,
    "total_jovens_alfabetizados": 1440,
    "taxa_alfabetizacao_jovens": 92.01277955271566,
    "total_jovens_branca": 153,
    "total_jovens_preta": 55,
    "total_jovens_parda": 1145,
    "total_jovens_indigena": 141,
    "total_jovens_amarela": 0,
    "N_PESSOAS": 19599,
    "renda_media_final": 1177.0578662176642,
    "vul_score_final": 0.5244786533675738
  }
}