{
  "geral": {
    "NM_MUN_demanda": "TEF\u00c9",
    "15-19 ANOS": 8318,
    "20-24 ANOS": 7365,
    "25-29 ANOS": 6096,
    "15-19 ANOS, RA\u00c7A BRANCA": 697,
    "20-24 ANOS, RA\u00c7A BRANCA": 599,
    "25-29 ANOS, RA\u00c7A BRANCA": 463,
    "15-19 ANOS, RA\u00c7A PRETA": 207,
    "20-24 ANOS, RA\u00c7A PRETA": 208,
    "25-29 ANOS, RA\u00c7A PRETA": 196,
    "15-19 ANOS, RA\u00c7A PARDA": 6433,
    "20-24 ANOS, RA\u00c7A PARDA": 5709,
    "25-29 ANOS, RA\u00c7A PARDA": 4709,
    "15-19 ANOS, RA\u00c7A IND\u00cdGENA": 836,
    "20-24 ANOS, RA\u00c7A IND\u00cdGENA": 678,
    "25-29 ANOS, RA\u00c7A IND\u00cdGENA": 573,
    "15-19 ANOS, RA\u00c7A AMARELA": 0,
    "20-24 ANOS, RA\u00c7A AMARELA": 0,
    "25-29 ANOS, RA\u00c7A AMARELA": 0,
    "15 A 19 ANOS, ALFABETIZADAS": 8150,
    "20 A 24 ANOS, ALFABETIZADAS": 7182,
    "25 A 29 ANOS, ALFABETIZADAS": 5923,
    "total_jovens": 21779,
    "total_jovens_alfabetizados": 21255,
    "taxa_alfabetizacao_jovens": 97.59401258092659,
    "total_jovens_branca": 1759,
    "total_jovens_preta": 611,
    "total_jovens_parda": 16851,
    "total_jovens_indigena": 2087,
    "total_jovens_amarela": 0,
    "N_PESSOAS": 73669,
    "renda_media_final": 1723.286129172379,
    "vul_score_final": 0.6072645078809592
  },
  "15-19": {
    "NM_MUN_demanda": "TEF\u00c9",
    "15-19 ANOS": 8318,
    "15-19 ANOS, RA\u00c7A BRANCA": 697,
    "15-19 ANOS, RA\u00c7A PRETA": 207,
    "15-19 ANOS, RA\u00c7A PARDA": 6433,
    "15-19 ANOS, RA\u00c7A IND\u00cdGENA": 836,
    "15-19 ANOS, RA\u00c7A AMARELA": 0,
    "15 A 19 ANOS, ALFABETIZADAS": 8150,
    "total_jovens": 8318,
    "total_jovens_alfabetizados": 8150,
    "taxa_alfabetizacao_jovens": 97.98028372204857,
    "total_jovens_branca": 697,
    "total_jovens_preta": 207,
    "total_jovens_parda": 6433,
    "total_jovens_indigena": 836,
    "total_jovens_amarela": 0,
    "N_PESSOAS": 73669,
    "renda_media_final": 1723.286129172379,
    "vul_score_final": 0.6072645078809592
  },
  "20-24": {
    "NM_MUN_demanda": "TEF\u00c9",
    "20-24 ANOS": 7365,
    "20-24 ANOS, RA\u00c7A BRANCA": 599,
    "20-24 ANOS, RA\u00c7A PRETA": 208,
    "20-24 ANOS, RA\u00c7A PARDA": 5709,
    "20-24 ANOS, RA\u00c7A IND\u00cdGENA": 678,
    "20-24 ANOS, RA\u00c7A AMARELA": 0,
    "20 A 24 ANOS, ALFABETIZADAS": 7182,
    "total_jovens": 7365,
    "total_jovens_alfabetizados": 7182,
    "taxa_alfabetizacao_jovens": 97.5152749490835,
    "total_jovens_branca": 599,
    "total_jovens_preta": 208,
    "total_jovens_parda": 5709,
    "total_jovens_indigena": 678,
    "total_jovens_amarela": 0,
    "N_PESSOAS": 73669,
    "renda_media_final": 1723.286129172379,
    "vul_score_final": 0.6072645078809592
  },
  "25-29": {
    "NM_MUN_demanda": "TEF\u00c9",
    "25-29 ANOS": 6096,
    "25-29 ANOS, RA\u00c7A BRANCA": 463,
    "25-29 ANOS, RA\u00c7A PRETA": 196,
    "25-29 ANOS, RA\u00c7A PARDA": 4709,
    "25-29 ANOS, RA\u00c7A IND\u00cdGENA": 573,
    "25-29 ANOS, RA\u00c7A AMARELA": 0,
    "25 A 29 ANOS, ALFABETIZADAS": 5923,
    "total_jovens": 6096,
    "total_jovens_alfabetizados": 5923,
    "taxa_alfabetizacao_jovens": 97.16207349081365,
    "total_jovens_branca": 463,
    "total_jovens_preta": 196,
    "total_jovens_parda": 4709,
    "total_jovens_indigena": 573,
    "total_jovens_amarela": 0,
    "N_PESSOAS": 73669,
    "renda_media_final": 1723.286129172379,
    "vul_score_final": 0.6072645078809592
  }
}