{
  "geral": {
    "NM_MUN_demanda": "TONANTINS",
    "15-19 ANOS": 2101,
    "20-24 ANOS": 1874,
    "25-29 ANOS": 1592,
    "15-19 ANOS, RA\u00c7A BRANCA": 59,
    "20-24 ANOS, RA\u00c7A BRANCA": 75,
    "25-29 ANOS, RA\u00c7A BRANCA": 46,
    "15-19 ANOS, RA\u00c7A PRETA": 14,
    "20-24 ANOS, RA\u00c7A PRETA": 11,
    "25-29 ANOS, RA\u00c7A PRETA": 14,
    "15-19 ANOS, RA\u00c7A PARDA": 1122,
    "20-24 ANOS, RA\u00c7A PARDA": 1066,
    "25-29 ANOS, RA\u00c7A PARDA": 971,
    "15-19 ANOS, RA\u00c7A IND\u00cdGENA": 878,
    "20-24 ANOS, RA\u00c7A IND\u00cdGENA": 693,
    "25-29 ANOS, RA\u00c7A IND\u00cdGENA": 530,
    "15-19 ANOS, RA\u00c7A AMARELA": 0,
    "20-24 ANOS, RA\u00c7A AMARELA": 0,
    "25-29 ANOS, RA\u00c7A AMARELA": 0,
    "15 A 19 ANOS, ALFABETIZADAS": 2018,
    "20 A 24 ANOS, ALFABETIZADAS": 1785,
    "25 A 29 ANOS, ALFABETIZADAS": 1508,
    "total_jovens": 5567,
    "total_jovens_alfabetizados": 5311,
    "taxa_alfabetizacao_jovens": 95.40147296569069,
    "total_jovens_branca": 180,
    "total_jovens_preta": 39,
    "total_jovens_parda": 3159,
    "total_jovens_indigena": 2101,
    "total_jovens_amarela": 0,
    "N_PESSOAS": 19247,
    "renda_media_final": 1193.7825266275263,
    "vul_score_final": 0.5744926293626618
  },
  "15-19": {
    "NM_MUN_demanda": "TONANTINS",
    "15-19 ANOS": 2101,
    "15-19 ANOS, RA\u00c7A BRANCA": 59,
    "15-19 ANOS, RA\u00c7A PRETA": 14,
    "15-19 ANOS, RA\u00c7A PARDA": 1122,
    "15-19 ANOS, RA\u00c7A IND\u00cdGENA": 878,
    "15-19 ANOS, RA\u00c7A AMARELA": 0,
    "15 A 19 ANOS, ALFABETIZADAS": 2018,
    "total_jovens": 2101,
    "total_jovens_alfabetizados": 2018,
    "taxa_alfabetizacao_jovens": 96.04950023798192,
    "total_jovens_branca": 59,
    "total_jovens_preta": 14,
    "total_jovens_parda": 1122,
    "total_jovens_indigena": 878,
    "total_jovens_amarela": 0,
    "N_PESSOAS": 19247,
    "renda_media_final": 1193.7825266275263,
    "vul_score_final": 0.5744926293626618
  },
  "20-24": {
    "NM_MUN_demanda": "TONANTINS",
    "20-24 ANOS": 1874,
    "20-24 ANOS, RA\u00c7A BRANCA": 75,
    "20-24 ANOS, RA\u00c7A PRETA": 11,
    "20-24 ANOS, RA\u00c7A PARDA": 1066,
    "20-24 ANOS, RA\u00c7A IND\u00cdGENA": 693,
    "20-24 ANOS, RA\u00c7A AMARELA": 0,
    "20 A 24 ANOS, ALFABETIZADAS": 1785,
    "total_jovens": 1874,
    "total_jovens_alfabetizados": 1785,
    "taxa_alfabetizacao_jovens": 95.25080042689434,
    "total_jovens_branca": 75,
    "total_jovens_preta": 11,
    "total_jovens_parda": 1066,
    "total_jovens_indigena": 693,
    "total_jovens_amarela": 0,
    "N_PESSOAS": 19247,
    "renda_media_final": 1193.7825266275263,
    "vul_score_final": 0.5744926293626618
  },
  "25-29": {
    "NM_MUN_demanda": "TONANTINS",
    "25-29 ANOS": 1592,
    "25-29 ANOS, RA\u00c7A BRANCA": 46,
    "25-29 ANOS, RA\u00c7A PRETA": 14,
    "25-29 ANOS, RA\u00c7A PARDA": 971,
    "25-29 ANOS, RA\u00c7A IND\u00cdGENA": 530,
    "25-29 ANOS, RA\u00c7A AMARELA": 0,
    "25 A 29 ANOS, ALFABETIZADAS": 1508,
    "total_jovens": 1592,
    "total_jovens_alfabetizados": 1508,
    "taxa_alfabetizacao_jovens": 94.72361809045226,
    "total_jovens_branca": 46,
    "total_jovens_preta": 14,
    "total_jovens_parda": 971,
    "total_jovens_indigena": 530,
    "total_jovens_amarela": 0,
    "N_PESSOAS": 19247,
    "renda_media_final": 1193.7825266275263,
    "vul_score_final": 0.5744926293626618
  }
}