{
  "geral": {
    "NM_MUN_demanda": "UARINI",
    "15-19 ANOS": 1763,
    "20-24 ANOS": 1464,
    "25-29 ANOS": 1165,
    "15-19 ANOS, RA\u00c7A BRANCA": 158,
    "20-24 ANOS, RA\u00c7A BRANCA": 96,
    "25-29 ANOS, RA\u00c7A BRANCA": 84,
    "15-19 ANOS, RA\u00c7A PRETA": 13,
    "20-24 ANOS, RA\u00c7A PRETA": 21,
    "25-29 ANOS, RA\u00c7A PRETA": 3,
    "15-19 ANOS, RA\u00c7A PARDA": 1264,
    "20-24 ANOS, RA\u00c7A PARDA": 1049,
    "25-29 ANOS, RA\u00c7A PARDA": 848,
    "15-19 ANOS, RA\u00c7A IND\u00cdGENA": 310,
    "20-24 ANOS, RA\u00c7A IND\u00cdGENA": 283,
    "25-29 ANOS, RA\u00c7A IND\u00cdGENA": 204,
    "15-19 ANOS, RA\u00c7A AMARELA": 0,
    "20-24 ANOS, RA\u00c7A AMARELA": 0,
    "25-29 ANOS, RA\u00c7A AMARELA": 0,
    "15 A 19 ANOS, ALFABETIZADAS": 1684,
    "20 A 24 ANOS, ALFABETIZADAS": 1379,
    "25 A 29 ANOS, ALFABETIZADAS": 1110,
    "total_jovens": 4392,
    "total_jovens_alfabetizados": 4173,
    "taxa_alfabetizacao_jovens": 95.0136612021858,
    "total_jovens_branca": 338,
    "total_jovens_preta": 37,
    "total_jovens_parda": 3161,
    "total_jovens_indigena": 797,
    "total_jovens_amarela": 0,
    "N_PESSOAS": 14431,
    "renda_media_final": 1142.0206056406348,
    "vul_score_final": 0.5404784380686877
  },
  "15-19": {
    "NM_MUN_demanda": "UARINI",
    "15-19 ANOS": 1763,
    "15-19 ANOS, RA\u00c7A BRANCA": 158,
    "15-19 ANOS, RA\u00c7A PRETA": 13,
    "15-19 ANOS, RA\u00c7A PARDA": 1264,
    "15-19 ANOS, RA\u00c7A IND\u00cdGENA": 310,
    "15-19 ANOS, RA\u00c7A AMARELA": 0,
    "15 A 19 ANOS, ALFABETIZADAS": 1684,
    "total_jovens": 1763,
    "total_jovens_alfabetizados": 1684,
    "taxa_alfabetizacao_jovens": 95.51900170164492,
    "total_jovens_branca": 158,
    "total_jovens_preta": 13,
    "total_jovens_parda": 1264,
    "total_jovens_indigena": 310,
    "total_jovens_amarela": 0,
    "N_PESSOAS": 14431,
    "renda_media_final": 1142.0206056406348,
    "vul_score_final": 0.5404784380686877
  },
  "20-24": {
    "NM_MUN_demanda": "UARINI",
    "20-24 ANOS": 1464,
    "20-24 ANOS, RA\u00c7A BRANCA": 96,
    "20-24 ANOS, RA\u00c7A PRETA": 21,
    "20-24 ANOS, RA\u00c7A PARDA": 1049,
    "20-24 ANOS, RA\u00c7A IND\u00cdGENA": 283,
    "20-24 ANOS, RA\u00c7A AMARELA": 0,
    "20 A 24 ANOS, ALFABETIZADAS": 1379,
    "total_jovens": 1464,
    "total_jovens_alfabetizados": 1379,
    "taxa_alfabetizacao_jovens": 94.19398907103826,
    "total_jovens_branca": 96,
    "total_jovens_preta": 21,
    "total_jovens_parda": 1049,
    "total_jovens_indigena": 283,
    "total_jovens_amarela": 0,
    "N_PESSOAS": 14431,
    "renda_media_final": 1142.0206056406348,
    "vul_score_final": 0.5404784380686877
  },
  "25-29": {
    "NM_MUN_demanda": "UARINI",
    "25-29 ANOS": 1165,
    "25-29 ANOS, RA\u00c7A BRANCA": 84,
    "25-29 ANOS, RA\u00c7A PRETA": 3,
    "25-29 ANOS, RA\u00c7A PARDA": 848,
    "25-29 ANOS, RA\u00c7A IND\u00cdGENA": 204,
    "25-29 ANOS, RA\u00c7A AMARELA": 0,
    "25 A 29 ANOS, ALFABETIZADAS": 1110,
    "total_jovens": 1165,
    "total_jovens_alfabetizados": 1110,
    "taxa_alfabetizacao_jovens": 95.27896995708154,
    "total_jovens_branca": 84,
    "total_jovens_preta": 3,
    "total_jovens_parda": 848,
    "total_jovens_indigena": 204,
    "total_jovens_amarela": 0,
    "N_PESSOAS": 14431,
    "renda_media_final": 1142.0206056406348,
    "vul_score_final": 0.5404784380686877
  }
}