{
  "geral": {
    "NM_MUN_demanda": "URUCURITUBA",
    "15-19 ANOS": 2406,
    "20-24 ANOS": 2439,
    "25-29 ANOS": 2285,
    "15-19 ANOS, RA\u00c7A BRANCA": 336,
    "20-24 ANOS, RA\u00c7A BRANCA": 296,
    "25-29 ANOS, RA\u00c7A BRANCA": 320,
    "15-19 ANOS, RA\u00c7A PRETA": 39,
    "20-24 ANOS, RA\u00c7A PRETA": 46,
    "25-29 ANOS, RA\u00c7A PRETA": 35,
    "15-19 ANOS, RA\u00c7A PARDA": 2003,
    "20-24 ANOS, RA\u00c7A PARDA": 2059,
    "25-29 ANOS, RA\u00c7A PARDA": 1888,
    "15-19 ANOS, RA\u00c7A IND\u00cdGENA": 0,
    "20-24 ANOS, RA\u00c7A IND\u00cdGENA": 0,
    "25-29 ANOS, RA\u00c7A IND\u00cdGENA": 0,
    "15-19 ANOS, RA\u00c7A AMARELA": 4,
    "20-24 ANOS, RA\u00c7A AMARELA": 9,
    "25-29 ANOS, RA\u00c7A AMARELA": 6,
    "15 A 19 ANOS, ALFABETIZADAS": 2371,
    "20 A 24 ANOS, ALFABETIZADAS": 2396,
    "25 A 29 ANOS, ALFABETIZADAS": 2238,
    "total_jovens": 7130,
    "total_jovens_alfabetizados": 7005,
    "taxa_alfabetizacao_jovens": 98.24684431977559,
    "total_jovens_branca": 952,
    "total_jovens_preta": 120,
    "total_jovens_parda": 5950,
    "total_jovens_indigena": 0,
    "total_jovens_amarela": 19,
    "N_PESSOAS": 23945,
    "renda_media_final": 1432.0018137398204,
    "vul_score_final": 0.5257511183730786
  },
  "15-19": {
    "NM_MUN_demanda": "URUCURITUBA",
    "15-19 ANOS": 2406,
    "15-19 ANOS, RA\u00c7A BRANCA": 336,
    "15-19 ANOS, RA\u00c7A PRETA": 39,
    "15-19 ANOS, RA\u00c7A PARDA": 2003,
    "15-19 ANOS, RA\u00c7A IND\u00cdGENA": 0,
    "15-19 ANOS, RA\u00c7A AMARELA": 4,
    "15 A 19 ANOS, ALFABETIZADAS": 2371,
    "total_jovens": 2406,
    "total_jovens_alfabetizados": 2371,
    "taxa_alfabetizacao_jovens": 98.5453034081463,
    "total_jovens_branca": 336,
    "total_jovens_preta": 39,
    "total_jovens_parda": 2003,
    "total_jovens_indigena": 0,
    "total_jovens_amarela": 4,
    "N_PESSOAS": 23945,
    "renda_media_final": 1432.0018137398204,
    "vul_score_final": 0.5257511183730786
  },
  "20-24": {
    "NM_MUN_demanda": "URUCURITUBA",
    "20-24 ANOS": 2439,
    "20-24 ANOS, RA\u00c7A BRANCA": 296,
    "20-24 ANOS, RA\u00c7A PRETA": 46,
    "20-24 ANOS, RA\u00c7A PARDA": 2059,
    "20-24 ANOS, RA\u00c7A IND\u00cdGENA": 0,
    "20-24 ANOS, RA\u00c7A AMARELA": 9,
    "20 A 24 ANOS, ALFABETIZADAS": 2396,
    "total_jovens": 2439,
    "total_jovens_alfabetizados": 2396,
    "taxa_alfabetizacao_jovens": 98.23698236982369,
    "total_jovens_branca": 296,
    "total_jovens_preta": 46,
    "total_jovens_parda": 2059,
    "total_jovens_indigena": 0,
    "total_jovens_amarela": 9,
    "N_PESSOAS": 23945,
    "renda_media_final": 1432.0018137398204,
    "vul_score_final": 0.5257511183730786
  },
  "25-29": {
    "NM_MUN_demanda": "URUCURITUBA",
    "25-29 ANOS": 2285,
    "25-29 ANOS, RA\u00c7A BRANCA": 320,
    "25-29 ANOS, RA\u00c7A PRETA": 35,
    "25-29 ANOS, RA\u00c7A PARDA": 1888,
    "25-29 ANOS, RA\u00c7A IND\u00cdGENA": 0,
    "25-29 ANOS, RA\u00c7A AMARELA": 6,
    "25 A 29 ANOS, ALFABETIZADAS": 2238,
    "total_jovens": 2285,
    "total_jovens_alfabetizados": 2238,
    "taxa_alfabetizacao_jovens": 97.94310722100657,
    "total_jovens_branca": 320,
    "total_jovens_preta": 35,
    "total_jovens_parda": 1888,
    "total_jovens_indigena": 0,
    "total_jovens_amarela": 6,
    "N_PESSOAS": 23945,
    "renda_media_final": 1432.0018137398204,
    "vul_score_final": 0.5257511183730786
  }
}