{
  "geral": {
    "NM_MUN_demanda": "URUCAR\u00c1",
    "15-19 ANOS": 1823,
    "20-24 ANOS": 1652,
    "25-29 ANOS": 1453,
    "15-19 ANOS, RA\u00c7A BRANCA": 229,
    "20-24 ANOS, RA\u00c7A BRANCA": 153,
    "25-29 ANOS, RA\u00c7A BRANCA": 132,
    "15-19 ANOS, RA\u00c7A PRETA": 7,
    "20-24 ANOS, RA\u00c7A PRETA": 9,
    "25-29 ANOS, RA\u00c7A PRETA": 3,
    "15-19 ANOS, RA\u00c7A PARDA": 1542,
    "20-24 ANOS, RA\u00c7A PARDA": 1435,
    "25-29 ANOS, RA\u00c7A PARDA": 1268,
    "15-19 ANOS, RA\u00c7A IND\u00cdGENA": 15,
    "20-24 ANOS, RA\u00c7A IND\u00cdGENA": 15,
    "25-29 ANOS, RA\u00c7A IND\u00cdGENA": 8,
    "15-19 ANOS, RA\u00c7A AMARELA": 0,
    "20-24 ANOS, RA\u00c7A AMARELA": 0,
    "25-29 ANOS, RA\u00c7A AMARELA": 0,
    "15 A 19 ANOS, ALFABETIZADAS": 1794,
    "20 A 24 ANOS, ALFABETIZADAS": 1619,
    "25 A 29 ANOS, ALFABETIZADAS": 1443,
    "total_jovens": 4928,
    "total_jovens_alfabetizados": 4856,
    "taxa_alfabetizacao_jovens": 98.53896103896103,
    "total_jovens_branca": 514,
    "total_jovens_preta": 19,
    "total_jovens_parda": 4245,
    "total_jovens_indigena": 38,
    "total_jovens_amarela": 0,
    "N_PESSOAS": 18631,
    "renda_media_final": 1428.0961274220385,
    "vul_score_final": 0.5085629422838712
  },
  "15-19": {
    "NM_MUN_demanda": "URUCAR\u00c1",
    "15-19 ANOS": 1823,
    "15-19 ANOS, RA\u00c7A BRANCA": 229,
    "15-19 ANOS, RA\u00c7A PRETA": 7,
    "15-19 ANOS, RA\u00c7A PARDA": 1542,
    "15-19 ANOS, RA\u00c7A IND\u00cdGENA": 15,
    "15-19 ANOS, RA\u00c7A AMARELA": 0,
    "15 A 19 ANOS, ALFABETIZADAS": 1794,
    "total_jovens": 1823,
    "total_jovens_alfabetizados": 1794,
    "taxa_alfabetizacao_jovens": 98.4092155787164,
    "total_jovens_branca": 229,
    "total_jovens_preta": 7,
    "total_jovens_parda": 1542,
    "total_jovens_indigena": 15,
    "total_jovens_amarela": 0,
    "N_PESSOAS": 18631,
    "renda_media_final": 1428.0961274220385,
    "vul_score_final": 0.5085629422838712
  },
  "20-24": {
    "NM_MUN_demanda": "URUCAR\u00c1",
    "20-24 ANOS": 1652,
    "20-24 ANOS, RA\u00c7A BRANCA": 153,
    "20-24 ANOS, RA\u00c7A PRETA": 9,
    "20-24 ANOS, RA\u00c7A PARDA": 1435,
    "20-24 ANOS, RA\u00c7A IND\u00cdGENA": 15,
    "20-24 ANOS, RA\u00c7A AMARELA": 0,
    "20 A 24 ANOS, ALFABETIZADAS": 1619,
    "total_jovens": 1652,
    "total_jovens_alfabetizados": 1619,
    "taxa_alfabetizacao_jovens": 98.00242130750605,
    "total_jovens_branca": 153,
    "total_jovens_preta": 9,
    "total_jovens_parda": 1435,
    "total_jovens_indigena": 15,
    "total_jovens_amarela": 0,
    "N_PESSOAS": 18631,
    "renda_media_final": 1428.0961274220385,
    "vul_score_final": 0.5085629422838712
  },
  "25-29": {
    "NM_MUN_demanda": "URUCAR\u00c1",
    "25-29 ANOS": 1453,
    "25-29 ANOS, RA\u00c7A BRANCA": 132,
    "25-29 ANOS, RA\u00c7A PRETA": 3,
    "25-29 ANOS, RA\u00c7A PARDA": 1268,
    "25-29 ANOS, RA\u00c7A IND\u00cdGENA": 8,
    "25-29 ANOS, RA\u00c7A AMARELA": 0,
    "25 A 29 ANOS, ALFABETIZADAS": 1443,
    "total_jovens": 1453,
    "total_jovens_alfabetizados": 1443,
    "taxa_alfabetizacao_jovens": 99.31176875430144,
    "total_jovens_branca": 132,
    "total_jovens_preta": 3,
    "total_jovens_parda": 1268,
    "total_jovens_indigena": 8,
    "total_jovens_amarela": 0,
    "N_PESSOAS": 18631,
    "renda_media_final": 1428.0961274220385,
    "vul_score_final": 0.5085629422838712
  }
}